signal_date,entry_date,exit_date,entry,exit,hold_days,exit_reason,raw_ret%,net_ret%,mfe%,mae%,rule_id,code,score,name,industry
2025-07-14,2025-07-15,2025-09-03,49.4468,61.8085,37,止盈,25.0,24.85,25.717,-2.867,fixed_sl10_tp25_h40,000837,17.443,秦川机床,机床工具
2025-07-15,2025-07-16,2025-07-24,85.07,76.563,7,止损,-10.0,-10.15,0.874,-10.493,fixed_sl10_tp25_h40,002290,18.024,禾盛新材,家电零部件Ⅲ
2025-07-17,2025-07-18,2025-09-11,48.795,49.6284,40,到期,1.708,1.558,25.0,-7.28,fixed_sl10_tp25_h40,002929,19.446,润建股份,通信工程及服务
2025-07-21,2025-07-22,2025-09-15,11.995,11.5837,40,到期,-3.429,-3.579,2.721,-6.169,fixed_sl10_tp25_h40,600688,14.621,上海石化,炼油化工
2025-07-22,2025-07-23,2025-09-16,14.763,13.9739,40,到期,-5.345,-5.495,3.621,-8.448,fixed_sl10_tp25_h40,600279,21.552,重庆港,港口
2025-07-23,2025-07-24,2025-09-17,232.5825,230.3952,40,到期,-0.94,-1.09,15.125,-6.74,fixed_sl10_tp25_h40,002568,18.967,百润股份,其他酒类
2025-07-23,2025-07-24,2025-09-17,213.1928,231.7026,40,到期,8.682,8.532,14.729,-7.752,fixed_sl10_tp25_h40,000975,12.092,山金国际,黄金
2025-07-25,2025-07-28,2025-09-19,50.4622,50.0702,40,到期,-0.777,-0.927,20.194,-3.301,fixed_sl10_tp25_h40,002044,15.367,美年健康,医院
2025-07-25,2025-07-28,2025-09-17,166.0659,207.5824,38,止盈,25.0,24.85,27.614,-4.438,fixed_sl10_tp25_h40,603662,12.938,柯力传感,机械设备
2025-07-29,2025-07-30,2025-09-23,27.9753,25.1777,40,止损,-10.0,-10.15,17.226,-11.588,fixed_sl10_tp25_h40,002134,19.212,天津普林,印制电路板
2025-07-29,2025-07-30,2025-08-21,43.404,39.0636,17,止损,-10.0,-10.15,0.818,-10.424,fixed_sl10_tp25_h40,002989,19.364,中天精装,装修装饰Ⅲ
2025-07-29,2025-07-30,2025-09-23,11.2192,10.3562,40,到期,-7.692,-7.842,9.231,-9.077,fixed_sl10_tp25_h40,002291,15.326,遥望科技,营销代理
2025-07-30,2025-07-31,2025-09-24,21.8603,20.9797,40,到期,-4.028,-4.178,6.898,-7.503,fixed_sl10_tp25_h40,603619,19.538,中曼石油,油田服务
2025-08-04,2025-08-05,2025-09-29,29.6187,33.4763,40,到期,13.024,12.874,15.257,-7.24,fixed_sl10_tp25_h40,002785,22.21,万里石,其他建材Ⅲ
2025-08-05,2025-08-06,2025-09-15,225.1503,281.4379,29,止盈,25.0,24.85,37.383,-3.015,fixed_sl10_tp25_h40,001309,12.685,德明利,数字芯片设计
2025-08-06,2025-08-07,2025-08-28,137.578,171.9725,16,止盈,25.0,24.85,25.085,-1.802,fixed_sl10_tp25_h40,603360,14.98,百傲化学,农药
2025-08-06,2025-08-07,2025-09-04,83.6413,75.2771,21,止损,-10.0,-10.15,5.563,-11.489,fixed_sl10_tp25_h40,002992,16.881,宝明科技,LED
2025-08-06,2025-08-07,2025-09-12,61.2381,76.5476,27,止盈,25.0,24.85,25.125,-4.254,fixed_sl10_tp25_h40,002741,13.811,光华科技,电子化学品Ⅲ
2025-08-07,2025-08-08,2025-09-18,48.498,43.6482,30,止损,-10.0,-10.15,13.749,-10.88,fixed_sl10_tp25_h40,002383,14.98,合众思壮,军工电子Ⅲ
2025-08-07,2025-08-08,2025-09-29,26.5416,23.8874,37,止损,-10.0,-10.15,5.444,-10.029,fixed_sl10_tp25_h40,000859,19.492,国风新材,膜材料
2025-08-08,2025-08-11,2025-08-27,52.8207,66.0258,13,止盈,25.0,24.85,25.907,-1.925,fixed_sl10_tp25_h40,002194,21.813,武汉凡谷,通信网络设备及器件
2025-08-08,2025-08-11,2025-09-17,343.2689,429.0862,28,止盈,25.0,24.85,25.339,-1.961,fixed_sl10_tp25_h40,000006,15.844,深振业Ａ,住宅开发
2025-08-11,2025-08-12,2025-09-08,246.6666,308.3333,20,止盈,25.0,24.85,32.543,-2.119,fixed_sl10_tp25_h40,002555,14.665,三七互娱,游戏Ⅲ
2025-08-12,2025-08-13,2025-10-15,161.6157,183.3055,40,到期,13.421,13.271,15.368,-4.664,fixed_sl10_tp25_h40,601799,18.794,星宇股份,车身附件及饰件
2025-08-14,2025-08-15,2025-09-25,18.1438,22.6798,30,止盈,25.0,24.85,26.483,-2.315,fixed_sl10_tp25_h40,603758,21.35,秦安股份,底盘与发动机系统
2025-08-14,2025-08-15,2025-08-19,41.0364,51.2955,3,止盈,25.0,24.85,34.231,-0.354,fixed_sl10_tp25_h40,601519,15.612,大智慧,垂直应用软件
2025-08-15,2025-08-18,2025-08-20,139.5732,174.4665,3,止盈,25.0,24.85,27.157,0.0,fixed_sl10_tp25_h40,600990,11.226,四创电子,军工电子Ⅲ
2025-08-15,2025-08-18,2025-10-20,100.891,97.5533,40,到期,-3.308,-3.458,11.158,-4.565,fixed_sl10_tp25_h40,002970,14.085,锐明技术,其他计算机设备
2025-08-18,2025-08-19,2025-09-11,74.3409,92.9262,18,止盈,25.0,24.85,27.68,-1.12,fixed_sl10_tp25_h40,002467,16.739,二六三,通信应用增值服务
2025-08-18,2025-08-19,2025-09-04,43.8223,39.4401,13,止损,-10.0,-10.15,3.986,-11.372,fixed_sl10_tp25_h40,002376,12.309,新北洋,其他计算机设备
2025-08-18,2025-08-19,2025-09-15,46.4373,58.0466,20,止盈,25.0,24.85,25.868,-2.778,fixed_sl10_tp25_h40,000737,12.786,北方铜业,铜
2025-08-18,2025-08-19,2025-09-29,30.5866,27.528,30,止损,-10.0,-10.15,4.689,-10.703,fixed_sl10_tp25_h40,002449,13.668,国星光电,LED
2025-08-18,2025-08-19,2025-10-21,135.3732,125.6826,40,到期,-7.158,-7.308,12.609,-8.866,fixed_sl10_tp25_h40,002605,21.551,姚记科技,游戏Ⅲ
2025-08-18,2025-08-19,2025-10-17,55.2128,69.016,38,止盈,25.0,24.85,27.187,-6.191,fixed_sl10_tp25_h40,000600,16.949,建投能源,火力发电
2025-08-19,2025-08-20,2025-10-13,144.4202,180.5253,33,止盈,25.0,24.85,26.05,-2.221,fixed_sl10_tp25_h40,000819,14.337,岳阳兴长,其他石化
2025-08-19,2025-08-20,2025-10-22,36.8445,37.3515,40,到期,1.376,1.226,11.707,-9.368,fixed_sl10_tp25_h40,002255,21.286,海陆重工,火电设备
2025-08-19,2025-08-20,2025-10-22,12.2547,11.3662,40,到期,-7.25,-7.4,10.833,-8.75,fixed_sl10_tp25_h40,603212,22.456,赛伍技术,光伏辅材
2025-08-20,2025-08-21,2025-10-20,71.5247,64.3722,37,止损,-10.0,-10.15,9.367,-10.794,fixed_sl10_tp25_h40,605016,14.449,百龙创园,食品及饲料添加剂
2025-08-21,2025-08-22,2025-09-04,53.53,48.177,10,止损,-10.0,-10.15,7.854,-10.634,fixed_sl10_tp25_h40,000935,13.11,四川双马,资产管理
2025-08-21,2025-08-22,2025-10-24,53.6021,61.7368,40,到期,15.176,15.026,16.888,-3.864,fixed_sl10_tp25_h40,600236,17.087,桂冠电力,水力发电
2025-08-21,2025-08-22,2025-09-12,70.6101,63.5491,16,止损,-10.0,-10.15,0.965,-10.146,fixed_sl10_tp25_h40,600882,20.307,妙可蓝多,乳品
2025-08-21,2025-08-22,2025-09-04,46.8386,42.1548,10,止损,-10.0,-10.15,13.048,-13.164,fixed_sl10_tp25_h40,600589,12.659,大位科技,IT服务Ⅲ
2025-08-21,2025-08-22,2025-10-24,38.7978,41.1961,40,到期,6.182,6.032,13.85,-4.538,fixed_sl10_tp25_h40,603885,14.842,吉祥航空,航空运输
2025-08-21,2025-08-22,2025-10-24,41.1378,42.4769,40,到期,3.255,3.105,12.718,-1.06,fixed_sl10_tp25_h40,002867,19.697,周大生,钟表珠宝
2025-08-21,2025-08-22,2025-10-24,16.5089,15.6114,40,到期,-5.436,-5.586,2.971,-9.229,fixed_sl10_tp25_h40,600927,19.09,永安期货,期货
2025-08-22,2025-08-25,2025-09-18,9.5469,11.9337,19,止盈,25.0,24.85,29.419,-0.989,fixed_sl10_tp25_h40,601512,16.387,中新集团,产业地产
2025-08-22,2025-08-25,2025-10-27,89.4198,88.662,40,到期,-0.847,-0.997,10.464,-3.832,fixed_sl10_tp25_h40,603833,13.337,欧派家居,定制家居
2025-08-22,2025-08-25,2025-09-19,7.9063,7.1157,20,止损,-10.0,-10.15,6.491,-10.0,fixed_sl10_tp25_h40,001896,22.863,豫能控股,火力发电
2025-08-22,2025-08-25,2025-10-27,19.4627,18.3774,40,到期,-5.576,-5.726,3.668,-9.391,fixed_sl10_tp25_h40,603693,18.536,江苏新能,风力发电
2025-08-22,2025-08-25,2025-10-13,65.2305,58.7075,30,止损,-10.0,-10.15,11.102,-10.616,fixed_sl10_tp25_h40,002015,19.295,协鑫能科,热力服务
2025-08-22,2025-08-25,2025-10-13,28.0243,35.0304,30,止盈,25.0,24.85,25.972,-6.016,fixed_sl10_tp25_h40,603823,14.348,百合花,涂料油墨
2025-08-22,2025-08-25,2025-09-18,16.8796,21.0995,19,止盈,25.0,24.85,29.199,-4.393,fixed_sl10_tp25_h40,601908,22.46,京运通,光伏发电
2025-08-22,2025-08-25,2025-10-27,269.2952,268.3956,40,到期,-0.334,-0.484,3.007,-7.572,fixed_sl10_tp25_h40,000848,20.398,承德露露,软饮料
2025-08-22,2025-08-25,2025-10-27,21.5251,20.8363,40,到期,-3.2,-3.35,6.133,-9.333,fixed_sl10_tp25_h40,002218,23.05,拓日新能,光伏发电
2025-08-22,2025-08-25,2025-10-27,33.3172,31.3764,40,到期,-5.825,-5.975,2.589,-9.385,fixed_sl10_tp25_h40,000767,16.946,晋控电力,火力发电
2025-08-25,2025-08-26,2025-10-13,38.3591,34.5231,29,止损,-10.0,-10.15,23.123,-11.742,fixed_sl10_tp25_h40,002882,22.343,金龙羽,线缆部件及其他
2025-08-26,2025-08-27,2025-09-03,80.004,72.0036,6,止损,-10.0,-10.15,0.495,-10.485,fixed_sl10_tp25_h40,002292,17.449,奥飞娱乐,娱乐用品
2025-08-26,2025-08-27,2025-10-29,3.41,3.66,40,到期,7.331,7.181,10.557,-5.279,fixed_sl10_tp25_h40,601399,21.958,国机重装,能源及重型设备
2025-08-26,2025-08-27,2025-09-23,69.2754,62.3478,20,止损,-10.0,-10.15,0.785,-10.299,fixed_sl10_tp25_h40,600875,17.568,东方电气,综合电力设备商
2025-08-26,2025-08-27,2025-10-29,7.9438,9.6333,40,到期,21.269,21.119,21.269,-7.238,fixed_sl10_tp25_h40,601179,15.972,中国西电,输变电设备
2025-08-27,2025-08-28,2025-10-30,22.1652,20.634,40,到期,-6.908,-7.058,11.842,-7.237,fixed_sl10_tp25_h40,000785,12.253,居然智家,商业物业经营
2025-08-27,2025-08-28,2025-10-30,9.5087,10.6092,40,到期,11.573,11.423,14.54,-1.484,fixed_sl10_tp25_h40,601991,18.063,大唐发电,火力发电
2025-09-01,2025-09-02,2025-09-16,31.0077,27.9069,11,止损,-10.0,-10.15,0.512,-10.453,fixed_sl10_tp25_h40,600230,21.444,沧州大化,聚氨酯
2025-09-02,2025-09-03,2025-10-31,330.3429,297.3087,37,止损,-10.0,-10.15,10.151,-12.894,fixed_sl10_tp25_h40,002821,16.045,凯莱英,医疗研发外包
2025-09-15,2025-09-16,2025-11-18,59.947,58.3881,40,到期,-2.6,-2.75,3.783,-6.856,fixed_sl10_tp25_h40,600782,13.65,新钢股份,板材
2025-09-16,2025-09-17,2025-09-29,9.0376,8.1339,9,止损,-10.0,-10.15,0.265,-11.141,fixed_sl10_tp25_h40,000761,12.9,本钢板材,板材
2025-09-17,2025-09-18,2025-11-20,21.2153,24.1284,40,到期,13.731,13.581,21.194,-6.567,fixed_sl10_tp25_h40,000886,15.911,海南高速,高速公路
2025-09-17,2025-09-18,2025-11-18,43.5854,39.2268,38,止损,-10.0,-10.15,0.642,-11.405,fixed_sl10_tp25_h40,605296,13.977,神农集团,生猪养殖
2025-09-17,2025-09-18,2025-10-29,9.0987,11.3733,24,止盈,25.0,24.85,29.539,-8.672,fixed_sl10_tp25_h40,601015,14.214,陕西黑猫,焦炭Ⅲ
2025-09-17,2025-09-18,2025-10-13,17.109,21.3863,12,止盈,25.0,24.85,26.687,-7.059,fixed_sl10_tp25_h40,002941,17.438,新疆交建,基建市政工程
2025-09-18,2025-09-19,2025-10-13,57.7325,51.9592,11,止损,-10.0,-10.15,1.785,-11.487,fixed_sl10_tp25_h40,603776,13.809,永安行,摩托车
2025-09-18,2025-09-19,2025-11-21,6.4057,6.3777,40,到期,-0.437,-0.587,23.581,-9.607,fixed_sl10_tp25_h40,600569,15.187,安阳钢铁,板材
2025-09-18,2025-09-19,2025-09-26,179.907,161.9163,6,止损,-10.0,-10.15,4.074,-18.494,fixed_sl10_tp25_h40,002046,19.113,国机精工,磨具磨料
2025-09-19,2025-09-22,2025-10-27,99.656,124.5701,20,止盈,25.0,24.85,28.777,-7.486,fixed_sl10_tp25_h40,002497,13.769,雅化集团,民爆制品
2025-09-19,2025-09-22,2025-11-24,20.2072,24.1223,40,到期,19.375,19.225,19.375,-9.792,fixed_sl10_tp25_h40,002307,21.075,北新路桥,基建市政工程
2025-09-19,2025-09-22,2025-11-24,30.8806,29.6607,40,到期,-3.951,-4.101,13.457,-4.568,fixed_sl10_tp25_h40,601666,17.091,平煤股份,焦煤
2025-09-19,2025-09-22,2025-11-24,38.9799,41.4174,40,到期,6.253,6.103,13.399,-3.814,fixed_sl10_tp25_h40,603223,19.091,恒通股份,油品石化贸易
2025-09-22,2025-09-23,2025-10-09,151.9866,136.7879,7,止损,-10.0,-10.15,3.307,-12.177,fixed_sl10_tp25_h40,002444,14.35,巨星科技,其他通用设备
2025-09-22,2025-09-23,2025-11-20,73.8474,66.4626,37,止损,-10.0,-10.15,7.577,-11.228,fixed_sl10_tp25_h40,603596,12.763,伯特利,底盘与发动机系统
2025-09-23,2025-09-24,2025-10-13,67.4298,60.6869,8,止损,-10.0,-10.15,6.802,-11.484,fixed_sl10_tp25_h40,002068,17.34,黑猫股份,炭黑
2025-09-23,2025-09-24,2025-10-23,117.2069,105.4862,16,止损,-10.0,-10.15,7.911,-10.491,fixed_sl10_tp25_h40,603306,16.476,华懋科技,车身附件及饰件
2025-09-23,2025-09-24,2025-10-17,173.6145,156.2531,12,止损,-10.0,-10.15,9.365,-10.48,fixed_sl10_tp25_h40,600835,17.131,上海机电,楼宇设备
2025-09-23,2025-09-24,2025-10-30,1781.5526,1603.3973,21,止损,-10.0,-10.15,6.175,-10.155,fixed_sl10_tp25_h40,600605,20.299,汇通能源,商业物业经营
2025-09-23,2025-09-24,2025-11-26,7.1118,7.2832,40,到期,2.41,2.26,8.778,-2.754,fixed_sl10_tp25_h40,601665,17.285,齐鲁银行,城商行Ⅲ
2025-09-23,2025-09-24,2025-10-17,57.2559,51.5303,12,止损,-10.0,-10.15,5.0,-10.238,fixed_sl10_tp25_h40,600255,16.391,鑫科材料,其他金属新材料
2025-09-23,2025-09-24,2025-10-13,23.1152,28.894,8,止盈,25.0,24.85,26.81,-2.145,fixed_sl10_tp25_h40,600403,17.939,大有能源,动力煤
2025-09-23,2025-09-24,2025-10-23,82.0587,73.8528,16,止损,-10.0,-10.15,5.379,-10.6,fixed_sl10_tp25_h40,603267,13.99,鸿远电子,军工电子Ⅲ
2025-09-24,2025-09-25,2025-11-20,200.3478,180.313,35,止损,-10.0,-10.15,4.974,-10.353,fixed_sl10_tp25_h40,000066,14.551,中国长城,其他计算机设备
2025-09-25,2025-09-26,2025-10-30,46.7921,58.4901,19,止盈,25.0,24.85,26.022,-5.683,fixed_sl10_tp25_h40,002163,18.338,海南发展,装修装饰Ⅲ
2025-09-25,2025-09-26,2025-11-04,172.9282,155.6354,22,止损,-10.0,-10.15,5.821,-11.495,fixed_sl10_tp25_h40,000628,17.343,高新发展,房屋建设Ⅲ
2025-09-25,2025-09-26,2025-11-28,29.0858,28.1757,40,到期,-3.129,-3.279,7.301,-4.824,fixed_sl10_tp25_h40,600006,15.709,东风股份,商用载货车
2025-09-26,2025-09-29,2025-11-17,338.1629,304.3466,30,止损,-10.0,-10.15,6.429,-10.321,fixed_sl10_tp25_h40,000997,21.83,新 大 陆,其他计算机设备
2025-09-26,2025-09-29,2025-12-01,126.6088,142.2066,40,到期,12.32,12.17,23.918,-7.214,fixed_sl10_tp25_h40,002611,16.79,东方精工,印刷包装机械
2025-09-26,2025-09-29,2025-12-01,171.7756,177.3911,40,到期,3.269,3.119,24.811,-2.431,fixed_sl10_tp25_h40,002414,15.82,高德红外,军工电子Ⅲ
2025-09-26,2025-09-29,2025-10-13,60.8509,54.7658,5,止损,-10.0,-10.15,2.169,-10.561,fixed_sl10_tp25_h40,001339,18.926,智微智能,其他计算机设备
2025-09-26,2025-09-29,2025-12-01,46.4263,46.881,40,到期,0.98,0.83,8.459,-7.124,fixed_sl10_tp25_h40,002373,14.283,千方科技,IT服务Ⅲ
2025-09-26,2025-09-29,2025-10-23,35.845,32.2605,13,止损,-10.0,-10.15,5.736,-10.805,fixed_sl10_tp25_h40,603063,20.604,禾望电气,风电零部件
2025-09-26,2025-09-29,2025-10-24,22.714,28.3925,14,止盈,25.0,24.85,31.214,-3.179,fixed_sl10_tp25_h40,000592,14.731,平潭发展,林业Ⅲ
2025-09-29,2025-09-30,2025-10-13,19.7149,17.7435,4,止损,-10.0,-10.15,1.196,-10.762,fixed_sl10_tp25_h40,600841,19.93,动力新科,底盘与发动机系统
2025-09-29,2025-09-30,2025-11-17,12.9245,11.632,29,止损,-10.0,-10.15,14.538,-10.084,fixed_sl10_tp25_h40,601609,24.125,金田股份,铜
2025-09-29,2025-09-30,2025-12-02,11.6695,12.8344,40,到期,9.982,9.832,15.762,-3.327,fixed_sl10_tp25_h40,600901,14.178,江苏金租,租赁
2025-09-29,2025-09-30,2025-12-02,29.1313,30.8639,40,到期,5.948,5.798,20.766,-5.242,fixed_sl10_tp25_h40,601890,17.418,亚星锚链,航海装备Ⅲ
2025-09-29,2025-09-30,2025-11-24,38.7261,34.8535,34,止损,-10.0,-10.15,0.455,-10.682,fixed_sl10_tp25_h40,002221,21.786,东华能源,其他石化
2025-09-30,2025-10-09,2025-11-21,45.6008,57.001,32,止盈,25.0,24.85,32.392,-7.392,fixed_sl10_tp25_h40,600343,15.864,航天动力,其他通用设备
2025-09-30,2025-10-09,2025-10-16,65.0719,58.5647,6,止损,-10.0,-10.15,3.115,-10.383,fixed_sl10_tp25_h40,603918,24.047,金桥信息,IT服务Ⅲ
2025-09-30,2025-10-09,2025-11-19,71.6591,64.4932,30,止损,-10.0,-10.15,5.0,-11.75,fixed_sl10_tp25_h40,603701,13.426,德宏股份,底盘与发动机系统
2025-10-09,2025-10-10,2025-12-04,31.6696,31.025,40,到期,-2.035,-2.185,9.566,-5.495,fixed_sl10_tp25_h40,600523,18.112,贵航股份,其他汽车零部件
2025-10-09,2025-10-10,2025-11-04,41.7439,52.1799,18,止盈,25.0,24.85,35.688,-3.327,fixed_sl10_tp25_h40,002922,15.094,伊戈尔,其他电子Ⅲ
2025-10-09,2025-10-10,2025-11-05,104.8058,131.0072,19,止盈,25.0,24.85,26.187,-0.153,fixed_sl10_tp25_h40,000567,15.437,海德股份,资产管理
2025-10-10,2025-10-13,2025-11-11,49.0677,61.3347,22,止盈,25.0,24.85,26.044,-3.827,fixed_sl10_tp25_h40,002733,16.003,雄韬股份,蓄电池及其他电池
2025-10-10,2025-10-13,2025-11-05,32.6396,40.7994,18,止盈,25.0,24.85,29.612,-1.514,fixed_sl10_tp25_h40,002639,14.956,雪人集团,制冷空调设备
2025-10-10,2025-10-13,2025-12-02,70.5095,63.4586,37,止损,-10.0,-10.15,5.462,-10.756,fixed_sl10_tp25_h40,002543,15.61,万和电气,卫浴电器
2025-10-10,2025-10-13,2025-11-21,92.7788,83.5009,30,止损,-10.0,-10.15,17.685,-10.359,fixed_sl10_tp25_h40,600206,15.792,有研新材,半导体材料
2025-10-10,2025-10-13,2025-10-23,21.9481,19.7533,9,止损,-10.0,-10.15,4.414,-11.152,fixed_sl10_tp25_h40,603712,17.529,七一二,军工电子Ⅲ
2025-10-10,2025-10-13,2025-12-05,80.351,77.2606,40,到期,-3.846,-3.996,3.59,-6.923,fixed_sl10_tp25_h40,600061,14.776,国投资本,金融控股
2025-10-13,2025-10-14,2025-11-14,67.9676,61.1708,24,止损,-10.0,-10.15,2.143,-10.275,fixed_sl10_tp25_h40,600482,13.977,中国动力,其他电源设备Ⅲ
2025-10-13,2025-10-14,2025-12-08,98.4776,93.3751,40,到期,-5.181,-5.331,3.472,-7.306,fixed_sl10_tp25_h40,002777,12.378,久远银海,IT服务Ⅲ
2025-10-13,2025-10-14,2025-12-08,37.3176,35.601,40,到期,-4.6,-4.75,1.55,-8.05,fixed_sl10_tp25_h40,000738,14.582,航发控制,航空装备Ⅲ
2025-10-14,2025-10-15,2025-12-09,57.1569,62.2576,40,到期,8.924,8.774,24.205,-7.552,fixed_sl10_tp25_h40,600685,16.533,中船防务,航海装备Ⅲ
2025-10-14,2025-10-15,2025-12-09,42.7378,44.5602,40,到期,4.264,4.114,8.666,-4.127,fixed_sl10_tp25_h40,002440,14.586,闰土股份,纺织化学制品
2025-10-14,2025-10-15,2025-12-09,13.8106,12.9043,40,到期,-6.562,-6.712,4.167,-8.229,fixed_sl10_tp25_h40,601555,11.371,东吴证券,证券Ⅲ
2025-10-14,2025-10-15,2025-11-05,78.6061,70.7455,16,止损,-10.0,-10.15,2.685,-10.691,fixed_sl10_tp25_h40,605123,14.167,派克新材,航空装备Ⅲ
2025-10-14,2025-10-15,2025-11-20,68.7112,61.8401,27,止损,-10.0,-10.15,0.357,-10.933,fixed_sl10_tp25_h40,600129,15.91,太极集团,中药Ⅲ
2025-10-14,2025-10-15,2025-12-09,214.0294,222.1413,40,到期,3.79,3.64,6.851,-0.729,fixed_sl10_tp25_h40,000598,15.942,兴蓉环境,水务及水治理
2025-10-14,2025-10-15,2025-12-09,65.3548,68.4805,40,到期,4.783,4.633,10.217,-3.043,fixed_sl10_tp25_h40,600320,14.507,振华重工,能源及重型设备
2025-10-14,2025-10-15,2025-12-09,32.361,40.4513,40,止盈,25.0,24.85,26.775,-0.736,fixed_sl10_tp25_h40,002967,18.19,广电计量,检测服务
2025-10-15,2025-10-16,2025-12-10,175.8562,188.0896,40,到期,6.957,6.807,8.495,-4.348,fixed_sl10_tp25_h40,002151,14.555,北斗星通,军工电子Ⅲ
2025-10-15,2025-10-16,2025-12-10,75.9413,81.0274,40,到期,6.697,6.547,7.275,-2.309,fixed_sl10_tp25_h40,600757,16.513,长江传媒,教育出版
2025-10-15,2025-10-16,2025-12-10,15.8978,15.4549,40,到期,-2.786,-2.936,3.0,-4.0,fixed_sl10_tp25_h40,603213,14.089,镇洋发展,氯碱
2025-10-15,2025-10-16,2025-11-25,27.4053,34.2566,29,止盈,25.0,24.85,26.993,-4.348,fixed_sl10_tp25_h40,002413,20.507,雷科防务,军工电子Ⅲ
2025-10-16,2025-10-17,2025-11-10,634.3534,792.9418,17,止盈,25.0,24.85,25.447,-6.515,fixed_sl10_tp25_h40,600118,11.049,中国卫星,航天装备Ⅲ
2025-10-16,2025-10-17,2025-11-21,79.9343,71.9409,26,止损,-10.0,-10.15,8.824,-10.428,fixed_sl10_tp25_h40,600864,14.543,哈投股份,证券Ⅲ
2025-10-16,2025-10-17,2025-12-11,12.6804,12.9115,40,到期,1.822,1.672,8.789,-1.393,fixed_sl10_tp25_h40,601577,13.287,长沙银行,城商行Ⅲ
2025-10-16,2025-10-17,2025-12-11,28.3859,29.1934,40,到期,2.845,2.695,6.565,-1.751,fixed_sl10_tp25_h40,600350,16.943,山东高速,高速公路
2025-10-16,2025-10-17,2025-12-04,271.3753,244.2378,35,止损,-10.0,-10.15,7.654,-12.819,fixed_sl10_tp25_h40,600764,20.245,中国海防,航海装备Ⅲ
2025-10-16,2025-10-17,2025-11-13,68.6652,85.8315,20,止盈,25.0,24.85,25.662,-0.457,fixed_sl10_tp25_h40,600773,16.573,西藏城投,住宅开发
2025-10-17,2025-10-20,2025-12-12,8.0231,7.7751,40,到期,-3.091,-3.241,4.545,-3.091,fixed_sl10_tp25_h40,601528,12.999,瑞丰银行,农商行Ⅲ
2025-10-17,2025-10-20,2025-12-12,10.7177,10.4518,40,到期,-2.481,-2.631,3.435,-3.053,fixed_sl10_tp25_h40,603323,11.744,苏农银行,农商行Ⅲ
2025-10-17,2025-10-20,2025-12-12,59.5273,69.5852,40,到期,16.896,16.746,16.896,-5.801,fixed_sl10_tp25_h40,002438,14.892,江苏神通,金属制品
2025-10-17,2025-10-20,2025-12-12,18.8853,18.3239,40,到期,-2.973,-3.123,3.646,-8.357,fixed_sl10_tp25_h40,002946,15.503,新乳业,乳品
2025-10-20,2025-10-21,2025-11-04,41.7315,37.5583,11,止损,-10.0,-10.15,2.58,-10.025,fixed_sl10_tp25_h40,002393,16.825,力生制药,化学制剂
2025-10-20,2025-10-21,2025-12-15,20.5819,19.9766,40,到期,-2.941,-3.091,9.276,-4.299,fixed_sl10_tp25_h40,600020,15.979,中原高速,高速公路
2025-10-20,2025-10-21,2025-12-15,12.0632,11.9826,40,到期,-0.668,-0.818,4.674,-1.669,fixed_sl10_tp25_h40,601997,16.518,贵阳银行,城商行Ⅲ
2025-10-20,2025-10-21,2025-12-15,31.2895,31.1885,40,到期,-0.323,-0.473,6.132,-0.876,fixed_sl10_tp25_h40,002275,20.94,桂林三金,中药Ⅲ
2025-10-20,2025-10-21,2025-12-15,3.9286,3.7714,40,到期,-4.0,-4.15,2.462,-4.308,fixed_sl10_tp25_h40,002958,16.762,青农商行,农商行Ⅲ
2025-10-20,2025-10-21,2025-11-03,16.7049,20.8812,10,止盈,25.0,24.85,28.433,-1.166,fixed_sl10_tp25_h40,605365,14.959,立达信,照明设备Ⅲ
2025-10-20,2025-10-21,2025-12-15,25.9282,29.3303,40,到期,13.121,12.971,24.056,-0.795,fixed_sl10_tp25_h40,000595,15.804,新能股份,风力发电
2025-10-20,2025-10-21,2025-12-15,22.7918,22.9413,40,到期,0.656,0.506,11.549,-2.1,fixed_sl10_tp25_h40,601886,14.051,江河集团,装修装饰Ⅲ
2025-10-20,2025-10-21,2025-12-15,4.3936,4.2571,40,到期,-3.108,-3.258,3.097,-4.063,fixed_sl10_tp25_h40,001213,17.415,中铁特货,铁路运输
2025-10-20,2025-10-21,2025-12-15,167.1271,155.9387,40,到期,-6.695,-6.845,3.556,-7.531,fixed_sl10_tp25_h40,600717,19.36,天津港,港口
2025-10-20,2025-10-21,2025-12-15,57.0927,54.3257,40,到期,-4.847,-4.997,3.15,-5.574,fixed_sl10_tp25_h40,000719,16.39,中原传媒,大众出版
2025-10-20,2025-10-21,2025-12-15,59.1915,55.6991,40,到期,-5.9,-6.05,6.505,-7.337,fixed_sl10_tp25_h40,600449,16.968,宁夏建材,水泥制造
2025-10-20,2025-10-21,2025-12-15,47.9925,51.8455,40,到期,8.028,7.878,11.098,-1.299,fixed_sl10_tp25_h40,002051,14.714,中工国际,国际工程
2025-10-20,2025-10-21,2025-12-15,52.607,50.4111,40,到期,-4.174,-4.324,13.179,-4.642,fixed_sl10_tp25_h40,600551,20.959,时代出版,大众出版
2025-10-21,2025-10-22,2025-12-16,39.3146,37.2009,40,到期,-5.376,-5.526,7.258,-5.914,fixed_sl10_tp25_h40,600664,14.988,哈药股份,化学制剂
2025-10-21,2025-10-22,2025-12-16,103.9024,99.1796,40,到期,-4.545,-4.695,2.338,-4.935,fixed_sl10_tp25_h40,600720,16.879,XD中交设,工程咨询服务Ⅲ
2025-10-21,2025-10-22,2025-11-28,36.9152,33.2237,28,止损,-10.0,-10.15,0.593,-10.079,fixed_sl10_tp25_h40,000401,14.814,金隅冀东,水泥制造
2025-10-21,2025-10-22,2025-11-06,69.4865,86.8582,12,止盈,25.0,24.85,27.716,-4.444,fixed_sl10_tp25_h40,000534,13.344,万泽股份,其他生物制品
2025-10-21,2025-10-22,2025-11-21,41.0685,36.9616,23,止损,-10.0,-10.15,3.687,-10.092,fixed_sl10_tp25_h40,600962,15.789,国投中鲁,果蔬加工
2025-10-21,2025-10-22,2025-12-16,28.9751,26.5265,40,到期,-8.451,-8.601,4.401,-8.803,fixed_sl10_tp25_h40,000597,18.965,东北制药,化学制剂
2025-10-21,2025-10-22,2025-11-12,63.4545,79.3181,16,止盈,25.0,24.85,27.523,-6.284,fixed_sl10_tp25_h40,603131,12.586,上海沪工,其他通用设备
2025-10-21,2025-10-22,2025-12-16,147.9213,141.1398,40,到期,-4.585,-4.735,9.42,-7.074,fixed_sl10_tp25_h40,002891,16.069,中宠股份,宠物食品
2025-10-21,2025-10-22,2025-12-16,170.0402,165.9428,40,到期,-2.41,-2.56,11.111,-2.544,fixed_sl10_tp25_h40,002038,19.31,双鹭药业,化学制剂
2025-10-21,2025-10-22,2025-12-16,27.6592,25.2819,40,到期,-8.595,-8.745,3.967,-9.091,fixed_sl10_tp25_h40,600812,18.443,华北制药,化学制剂
2025-10-21,2025-10-22,2025-12-16,3.6323,3.3852,40,到期,-6.803,-6.953,1.361,-7.823,fixed_sl10_tp25_h40,601860,10.264,紫金银行,农商行Ⅲ
2025-10-21,2025-10-22,2025-12-16,17.7948,18.3372,40,到期,3.048,2.898,12.862,-0.818,fixed_sl10_tp25_h40,601900,14.712,南方传媒,教育出版
2025-10-22,2025-10-23,2025-11-17,92.4159,115.5199,18,止盈,25.0,24.85,32.692,-1.667,fixed_sl10_tp25_h40,000547,20.104,航天发展,军工电子Ⅲ
2025-10-22,2025-10-23,2025-12-05,5.2311,4.708,32,止损,-10.0,-10.15,1.202,-10.096,fixed_sl10_tp25_h40,600928,12.161,西安银行,城商行Ⅲ
2025-10-22,2025-10-23,2025-12-17,26.3262,23.6936,40,止损,-10.0,-10.15,2.731,-10.015,fixed_sl10_tp25_h40,603060,16.277,国检集团,检测服务
2025-10-22,2025-10-23,2025-12-17,24.7617,24.0707,40,到期,-2.791,-2.941,9.767,-3.953,fixed_sl10_tp25_h40,600361,14.298,创新新材,铝
2025-10-22,2025-10-23,2025-12-17,49.18,53.6208,40,到期,9.03,8.88,13.208,-1.078,fixed_sl10_tp25_h40,600195,10.962,中牧股份,动物保健Ⅲ
2025-10-22,2025-10-23,2025-12-11,29.8015,26.8214,36,止损,-10.0,-10.15,1.895,-10.737,fixed_sl10_tp25_h40,002761,12.93,浙江建投,房屋建设Ⅲ
2025-10-22,2025-10-23,2025-12-17,6.3992,5.7592,40,止损,-10.0,-10.15,2.583,-11.255,fixed_sl10_tp25_h40,601002,15.805,晋亿实业,金属制品
2025-10-22,2025-10-23,2025-12-17,113.8089,110.1037,40,到期,-3.256,-3.406,5.038,-4.695,fixed_sl10_tp25_h40,000999,13.018,华润三九,中药Ⅲ
2025-10-22,2025-10-23,2025-12-17,2.9239,2.7394,40,到期,-6.311,-6.461,1.942,-7.282,fixed_sl10_tp25_h40,002936,10.596,郑州银行,城商行Ⅲ
2025-10-22,2025-10-23,2025-12-17,141.7353,146.8246,40,到期,3.591,3.441,14.901,-3.591,fixed_sl10_tp25_h40,600507,16.768,方大特钢,特钢Ⅲ
2025-10-23,2025-10-24,2025-12-18,28.8607,28.0133,40,到期,-2.936,-3.086,8.29,-5.009,fixed_sl10_tp25_h40,601199,18.321,江南水务,水务及水治理
2025-10-23,2025-10-24,2025-11-11,47.2336,42.5103,13,止损,-10.0,-10.15,3.705,-11.116,fixed_sl10_tp25_h40,605198,16.649,安德利,果蔬加工
2025-10-23,2025-10-24,2025-11-11,77.2895,96.6119,13,止盈,25.0,24.85,37.209,-1.661,fixed_sl10_tp25_h40,600693,19.173,东百集团,百货
2025-10-23,2025-10-24,2025-12-15,14.3109,12.8798,37,止损,-10.0,-10.15,7.706,-11.559,fixed_sl10_tp25_h40,000822,16.371,山东海化,纯碱
2025-10-23,2025-10-24,2025-12-18,61.7701,57.1604,40,到期,-7.463,-7.613,6.513,-9.905,fixed_sl10_tp25_h40,600746,16.33,江苏索普,煤化工
2025-10-23,2025-10-24,2025-12-18,16.2989,15.9636,40,到期,-2.057,-2.207,8.386,-5.38,fixed_sl10_tp25_h40,002570,23.383,贝因美,乳品
2025-10-23,2025-10-24,2025-12-18,143.8692,134.1785,40,到期,-6.736,-6.886,5.699,-8.083,fixed_sl10_tp25_h40,600771,20.626,广誉远,中药Ⅲ
2025-10-23,2025-10-24,2025-12-18,8.485,9.7942,40,到期,15.43,15.28,18.282,-2.651,fixed_sl10_tp25_h40,601187,11.793,厦门银行,城商行Ⅲ
2025-10-24,2025-10-27,2025-11-26,37.0856,33.377,23,止损,-10.0,-10.15,0.714,-10.5,fixed_sl10_tp25_h40,603303,17.662,得邦照明,照明设备Ⅲ
2025-10-24,2025-10-27,2025-12-19,39.6724,39.7423,40,到期,0.176,0.026,4.938,-8.642,fixed_sl10_tp25_h40,002382,21.761,蓝帆医疗,医疗耗材
2025-10-24,2025-10-27,2025-11-24,55.7716,50.1944,21,止损,-10.0,-10.15,8.411,-10.125,fixed_sl10_tp25_h40,000525,18.366,红太阳,农药
2025-10-24,2025-10-27,2025-12-04,2.543,2.2887,29,止损,-10.0,-10.15,6.599,-10.152,fixed_sl10_tp25_h40,601588,16.178,北辰实业,住宅开发
2025-10-24,2025-10-27,2025-12-03,11.3524,14.1905,28,止盈,25.0,24.85,36.213,-8.638,fixed_sl10_tp25_h40,600981,13.91,苏豪汇鸿,贸易Ⅲ
2025-10-24,2025-10-27,2025-11-21,17.5462,15.7916,20,止损,-10.0,-10.15,6.611,-10.795,fixed_sl10_tp25_h40,600775,22.638,南京熊猫,通信终端及配件
2025-10-24,2025-10-27,2025-11-28,14.4377,12.994,25,止损,-10.0,-10.15,2.699,-10.085,fixed_sl10_tp25_h40,002427,19.824,尤夫股份,涤纶
2025-10-24,2025-10-27,2025-11-10,3.6764,4.5955,11,止盈,25.0,24.85,28.529,-7.647,fixed_sl10_tp25_h40,600939,17.661,重庆建工,房屋建设Ⅲ
2025-10-27,2025-10-28,2025-12-11,24.2886,21.8597,33,止损,-10.0,-10.15,5.031,-11.164,fixed_sl10_tp25_h40,002274,14.529,华昌化工,煤化工
2025-10-27,2025-10-28,2025-12-11,14.9758,13.4783,33,止损,-10.0,-10.15,3.957,-10.432,fixed_sl10_tp25_h40,000717,16.816,中南股份,长材
2025-10-27,2025-10-28,2025-12-22,21.6733,22.8194,40,到期,5.288,5.138,17.989,-4.249,fixed_sl10_tp25_h40,605179,18.363,一鸣食品,乳品
2025-10-27,2025-10-28,2025-11-12,68.836,61.9524,12,止损,-10.0,-10.15,10.709,-10.781,fixed_sl10_tp25_h40,000524,23.933,岭南控股,旅游综合
2025-10-27,2025-10-28,2025-12-22,10.9541,12.2295,40,到期,11.643,11.493,15.783,-1.811,fixed_sl10_tp25_h40,601019,21.407,山东出版,教育出版
2025-10-27,2025-10-28,2025-12-22,60.8511,61.3958,40,到期,0.895,0.745,1.79,-7.801,fixed_sl10_tp25_h40,603018,14.576,华设集团,工程咨询服务Ⅲ
2025-10-27,2025-10-28,2025-11-21,12.5804,11.3223,19,止损,-10.0,-10.15,4.044,-11.029,fixed_sl10_tp25_h40,603333,16.984,福华尚纬,线缆部件及其他
2025-10-27,2025-10-28,2025-12-22,95.9374,93.0059,40,到期,-3.056,-3.206,5.0,-6.389,fixed_sl10_tp25_h40,600216,17.0,浙江医药,原料药
2025-10-28,2025-10-29,2025-12-12,84.5704,76.1134,33,止损,-10.0,-10.15,4.707,-10.305,fixed_sl10_tp25_h40,002161,20.308,远 望 谷,其他电子Ⅲ
2025-10-28,2025-10-29,2025-11-12,8171.9748,10214.9685,11,止盈,25.0,24.85,29.607,-2.417,fixed_sl10_tp25_h40,600654,17.408,中安科,垂直应用软件
2025-10-28,2025-10-29,2025-12-17,87.6099,78.8489,36,止损,-10.0,-10.15,5.572,-11.144,fixed_sl10_tp25_h40,600825,15.137,新华传媒,大众出版
2025-10-29,2025-10-30,2025-11-25,58.3484,72.9354,19,止盈,25.0,24.85,26.113,-1.679,fixed_sl10_tp25_h40,603636,21.649,南威软件,IT服务Ⅲ
2025-10-29,2025-10-30,2025-12-08,7.5239,9.4049,28,止盈,25.0,24.85,26.886,-2.881,fixed_sl10_tp25_h40,001313,13.549,粤海饲料,水产饲料
2025-10-29,2025-10-30,2025-12-17,54.2177,48.796,35,止损,-10.0,-10.15,2.261,-11.478,fixed_sl10_tp25_h40,600643,15.551,爱建集团,金融控股
2025-10-29,2025-10-30,2025-11-21,18.9163,17.0247,17,止损,-10.0,-10.15,6.978,-15.176,fixed_sl10_tp25_h40,603098,15.475,森特股份,钢结构
2025-10-29,2025-10-30,2025-12-24,64.53,62.2162,40,到期,-3.586,-3.736,8.267,-8.367,fixed_sl10_tp25_h40,002254,15.437,泰和新材,其他化学纤维
2025-10-30,2025-10-31,2025-12-25,26.0769,27.0818,40,到期,3.854,3.704,6.797,-4.117,fixed_sl10_tp25_h40,002454,16.316,松芝股份,汽车电子电气系统
2025-10-30,2025-10-31,2025-12-25,39.5949,37.006,40,到期,-6.538,-6.688,3.269,-9.615,fixed_sl10_tp25_h40,600495,21.236,晋西车轴,轨交设备Ⅲ
2025-10-30,2025-10-31,2025-12-15,14.6516,13.1864,32,止损,-10.0,-10.15,4.385,-10.113,fixed_sl10_tp25_h40,605577,13.635,龙版传媒,教育出版
2025-10-30,2025-10-31,2025-12-25,77.2509,91.1869,40,到期,18.04,17.89,20.729,-0.087,fixed_sl10_tp25_h40,002117,22.02,东港股份,印刷
2025-10-31,2025-11-03,2025-12-26,43.5752,49.8615,40,到期,14.426,14.276,15.738,-8.525,fixed_sl10_tp25_h40,600058,19.54,五矿发展,贸易Ⅲ
2025-10-31,2025-11-03,2025-12-16,49.7331,44.7598,32,止损,-10.0,-10.15,2.802,-10.821,fixed_sl10_tp25_h40,603229,21.516,奥翔药业,原料药
2025-10-31,2025-11-03,2025-11-24,38.1788,34.3609,16,止损,-10.0,-10.15,13.084,-15.665,fixed_sl10_tp25_h40,603032,18.122,德新科技,锂电专用设备
2025-10-31,2025-11-03,2025-12-12,29.5781,26.6203,30,止损,-10.0,-10.15,3.867,-10.156,fixed_sl10_tp25_h40,603615,18.285,茶花股份,其他家居用品
2025-10-31,2025-11-03,2025-11-21,40.8791,36.7912,15,止损,-10.0,-10.15,0.413,-10.403,fixed_sl10_tp25_h40,002997,13.255,瑞鹄模具,其他汽车零部件
2025-10-31,2025-11-03,2025-12-05,18.3726,16.5353,25,止损,-10.0,-10.15,7.991,-10.274,fixed_sl10_tp25_h40,000813,12.68,德展健康,化学制剂
2025-10-31,2025-11-03,2025-12-26,67.8962,65.6496,40,到期,-3.309,-3.459,7.721,-6.25,fixed_sl10_tp25_h40,000839,17.745,国安股份,通信应用增值服务
2025-10-31,2025-11-03,2025-11-21,238.631,214.7679,15,止损,-10.0,-10.15,0.382,-14.013,fixed_sl10_tp25_h40,002195,18.842,岩山科技,IT服务Ⅲ
2025-10-31,2025-11-03,2025-11-27,38.2583,34.4325,19,止损,-10.0,-10.15,5.556,-10.069,fixed_sl10_tp25_h40,603535,18.574,嘉诚国际,跨境物流
2025-10-31,2025-11-03,2025-12-26,55.2501,55.3911,40,到期,0.255,0.105,5.442,-9.694,fixed_sl10_tp25_h40,002579,23.855,中京电子,印制电路板
2025-10-31,2025-11-03,2025-12-26,17.5732,17.4823,40,到期,-0.517,-0.667,6.379,-7.069,fixed_sl10_tp25_h40,002075,23.644,沙钢股份,特钢Ⅲ
2025-10-31,2025-11-03,2025-12-26,20.5659,21.0675,40,到期,2.439,2.289,12.195,-7.642,fixed_sl10_tp25_h40,600860,19.65,京城股份,金属制品
2025-11-03,2025-11-04,2025-11-10,144.086,129.6774,5,止损,-10.0,-10.15,0.519,-10.0,fixed_sl10_tp25_h40,603296,13.571,华勤技术,消费电子零部件及组装
2025-11-03,2025-11-04,2025-11-21,39.6619,35.6957,14,止损,-10.0,-10.15,0.303,-11.811,fixed_sl10_tp25_h40,002730,18.613,电光科技,能源及重型设备
2025-11-03,2025-11-04,2025-12-29,24.0092,24.1788,40,到期,0.707,0.557,3.357,-7.067,fixed_sl10_tp25_h40,000030,14.399,富奥股份,底盘与发动机系统
2025-11-03,2025-11-04,2025-12-22,27.8666,34.8332,35,止盈,25.0,24.85,29.205,-2.273,fixed_sl10_tp25_h40,603528,19.179,多伦科技,垂直应用软件
2025-11-03,2025-11-04,2025-11-20,60.9979,54.8981,13,止损,-10.0,-10.15,6.861,-12.19,fixed_sl10_tp25_h40,000678,23.461,襄阳轴承,底盘与发动机系统
2025-11-03,2025-11-04,2025-12-29,390.8735,413.2452,40,到期,5.724,5.574,22.837,-1.445,fixed_sl10_tp25_h40,603338,11.28,浙江鼎力,工程机械整机
2025-11-03,2025-11-04,2025-12-02,39.5014,49.3767,21,止盈,25.0,24.85,28.986,-0.845,fixed_sl10_tp25_h40,600151,12.136,航天机电,底盘与发动机系统
2025-11-03,2025-11-04,2025-12-29,65.4666,64.1419,40,到期,-2.023,-2.173,3.834,-3.621,fixed_sl10_tp25_h40,603899,17.79,晨光股份,文化用品
2025-11-03,2025-11-04,2025-11-27,39.9529,35.9576,18,止损,-10.0,-10.15,1.394,-10.857,fixed_sl10_tp25_h40,002819,14.12,东方中科,机械设备
2025-11-03,2025-11-04,2025-12-29,96.2885,113.8364,40,到期,18.224,18.074,22.336,-5.607,fixed_sl10_tp25_h40,600331,13.036,宏达股份,磷肥及磷化工
2025-11-03,2025-11-04,2025-12-16,169.9389,212.4237,31,止盈,25.0,24.85,26.335,-1.305,fixed_sl10_tp25_h40,600271,17.506,航天信息,IT服务Ⅲ
2025-11-03,2025-11-04,2025-12-29,12.6966,12.3043,40,到期,-3.09,-3.24,3.691,-9.013,fixed_sl10_tp25_h40,605018,17.965,长华集团,其他汽车零部件
2025-11-04,2025-11-05,2025-12-15,16.365,14.7285,29,止损,-10.0,-10.15,9.945,-10.221,fixed_sl10_tp25_h40,002263,23.293,大东南,膜材料
2025-11-04,2025-11-05,2025-12-30,171.7367,155.7996,40,到期,-9.28,-9.43,2.56,-9.6,fixed_sl10_tp25_h40,000650,15.798,仁和药业,中药Ⅲ
2025-11-04,2025-11-05,2025-12-17,44.6754,40.2078,31,止损,-10.0,-10.15,8.347,-10.234,fixed_sl10_tp25_h40,603883,16.185,老百姓,线下药店
2025-11-04,2025-11-05,2025-11-21,55.5861,50.0275,13,止损,-10.0,-10.15,11.45,-10.534,fixed_sl10_tp25_h40,600106,22.011,重庆路桥,高速公路
2025-11-04,2025-11-05,2025-12-30,47.3838,46.092,40,到期,-2.726,-2.876,0.491,-9.651,fixed_sl10_tp25_h40,000948,17.241,南天信息,垂直应用软件
2025-11-04,2025-11-05,2025-12-05,67.0761,60.3685,23,止损,-10.0,-10.15,4.274,-10.012,fixed_sl10_tp25_h40,600733,16.677,北汽蓝谷,电动乘用车
2025-11-04,2025-11-05,2025-11-24,101.8995,91.7096,14,止损,-10.0,-10.15,2.853,-10.408,fixed_sl10_tp25_h40,603203,13.465,快克智能,工控设备
2025-11-04,2025-11-05,2025-11-21,36.9754,33.2778,13,止损,-10.0,-10.15,1.629,-10.95,fixed_sl10_tp25_h40,002530,19.928,金财互联,其他通用设备
2025-11-05,2025-11-06,2025-12-31,34.3534,34.4142,40,到期,0.177,0.027,4.336,-3.451,fixed_sl10_tp25_h40,002739,16.714,儒意电影,院线
2025-11-05,2025-11-06,2025-11-24,26.8009,24.1208,13,止损,-10.0,-10.15,9.809,-12.08,fixed_sl10_tp25_h40,002840,15.47,华统股份,肉制品
2025-11-05,2025-11-06,2025-12-31,210.1337,197.9472,40,到期,-5.799,-5.949,3.448,-7.994,fixed_sl10_tp25_h40,000541,16.247,佛山照明,照明设备Ⅲ
2025-11-05,2025-11-06,2025-12-15,41.6382,37.4744,28,止损,-10.0,-10.15,7.341,-10.011,fixed_sl10_tp25_h40,002642,24.386,荣联科技,IT服务Ⅲ
2025-11-05,2025-11-06,2025-12-16,29.0045,26.1041,29,止损,-10.0,-10.15,2.218,-11.29,fixed_sl10_tp25_h40,600979,19.672,广安爱众,电能综合服务
2025-11-05,2025-11-06,2025-12-31,83.6697,86.9618,40,到期,3.935,3.785,22.047,-2.677,fixed_sl10_tp25_h40,000888,20.934,峨眉山Ａ,自然景区
2025-11-05,2025-11-06,2025-12-17,44.6767,40.209,30,止损,-10.0,-10.15,8.495,-10.747,fixed_sl10_tp25_h40,603466,18.534,风语筑,其他数字媒体
2025-11-05,2025-11-06,2025-12-31,139.4793,138.4753,40,到期,-0.72,-0.87,7.309,-5.205,fixed_sl10_tp25_h40,600694,17.192,大商股份,多业态零售
2025-11-05,2025-11-06,2025-12-03,851.4726,766.3253,20,止损,-10.0,-10.15,0.527,-12.574,fixed_sl10_tp25_h40,600588,17.923,用友网络,横向通用软件
2025-11-05,2025-11-06,2025-12-09,65.8096,82.262,24,止盈,25.0,24.85,27.114,-9.693,fixed_sl10_tp25_h40,603667,20.645,五洲新春,金属制品
2025-11-06,2025-11-07,2026-01-05,32.5787,32.6009,40,到期,0.068,-0.082,6.825,-7.301,fixed_sl10_tp25_h40,603882,17.722,金域医学,诊断服务
2025-11-06,2025-11-07,2025-11-18,55.1243,49.6119,8,止损,-10.0,-10.15,2.154,-10.0,fixed_sl10_tp25_h40,600480,18.138,凌云股份,其他汽车零部件
2025-11-06,2025-11-07,2026-01-05,14.8224,17.3079,40,到期,16.769,16.619,23.501,-1.346,fixed_sl10_tp25_h40,600198,19.371,大唐电信,通信终端及配件
2025-11-06,2025-11-07,2025-12-16,97.6225,87.8602,28,止损,-10.0,-10.15,2.39,-11.554,fixed_sl10_tp25_h40,000503,17.255,国新健康,垂直应用软件
2025-11-06,2025-11-07,2025-11-24,253.5371,228.1834,12,止损,-10.0,-10.15,1.855,-10.0,fixed_sl10_tp25_h40,002456,19.959,欧菲光,光学元件
2025-11-06,2025-11-07,2026-01-05,177.8988,176.5027,40,到期,-0.785,-0.935,16.835,-7.025,fixed_sl10_tp25_h40,002653,17.519,海思科,化学制剂
2025-11-06,2025-11-07,2026-01-05,15.539,14.9012,40,到期,-4.104,-4.254,8.955,-5.97,fixed_sl10_tp25_h40,000727,17.404,冠捷科技,面板
2025-11-06,2025-11-07,2026-01-05,52.6379,52.8694,40,到期,0.44,0.29,2.99,-2.551,fixed_sl10_tp25_h40,600054,18.275,黄山旅游,自然景区
2025-11-06,2025-11-07,2025-11-13,25.5106,31.8883,5,止盈,25.0,24.85,25.954,-0.382,fixed_sl10_tp25_h40,002506,13.178,协鑫集成,光伏电池组件
2025-11-06,2025-11-07,2026-01-05,13.3861,14.5678,40,到期,8.829,8.679,14.261,-7.81,fixed_sl10_tp25_h40,600707,16.897,彩虹股份,面板
2025-11-06,2025-11-07,2026-01-05,21.6487,22.3601,40,到期,3.286,3.136,9.639,-8.543,fixed_sl10_tp25_h40,002745,12.217,木林森,LED
2025-11-06,2025-11-07,2026-01-05,13.5498,14.0317,40,到期,3.557,3.407,11.081,-9.713,fixed_sl10_tp25_h40,603002,21.773,宏昌电子,电子化学品Ⅲ
2025-11-06,2025-11-07,2026-01-05,18.8105,18.8105,40,到期,0.0,-0.15,13.027,-5.364,fixed_sl10_tp25_h40,002445,17.042,中南文化,金属制品
2025-11-06,2025-11-07,2026-01-05,519.2341,560.3034,40,到期,7.91,7.76,19.209,-1.211,fixed_sl10_tp25_h40,600645,22.753,中源协和,其他生物制品
2025-11-06,2025-11-07,2026-01-05,25.8892,27.4537,40,到期,6.043,5.893,9.793,-4.014,fixed_sl10_tp25_h40,603733,19.623,仙鹤股份,特种纸
2025-11-06,2025-11-07,2025-12-04,33.7127,30.3415,20,止损,-10.0,-10.15,8.791,-10.256,fixed_sl10_tp25_h40,000564,14.986,供销大集,百货
2025-11-06,2025-11-07,2026-01-05,13.9706,14.52,40,到期,3.933,3.783,6.742,-1.685,fixed_sl10_tp25_h40,603055,17.018,台华新材,其他纺织
2025-11-06,2025-11-07,2025-12-24,81.5861,101.9826,34,止盈,25.0,24.85,30.159,-8.624,fixed_sl10_tp25_h40,603031,18.146,安孚科技,蓄电池及其他电池
2025-11-06,2025-11-07,2025-12-04,197.7074,177.9366,20,止损,-10.0,-10.15,1.479,-10.355,fixed_sl10_tp25_h40,600571,23.668,信雅达,IT服务Ⅲ
2025-11-06,2025-11-07,2026-01-05,43.3735,46.7977,40,到期,7.895,7.745,22.632,-0.526,fixed_sl10_tp25_h40,600409,14.902,三友化工,纯碱
2025-11-06,2025-11-07,2025-12-11,29.9091,26.9182,25,止损,-10.0,-10.15,0.612,-11.009,fixed_sl10_tp25_h40,002239,13.508,奥特佳,汽车电子电气系统
2025-11-07,2025-11-10,2025-11-24,75.1177,67.6059,11,止损,-10.0,-10.15,3.972,-11.111,fixed_sl10_tp25_h40,603239,16.857,浙江仙通,其他汽车零部件
2025-11-07,2025-11-10,2025-11-24,33.2213,29.8992,11,止损,-10.0,-10.15,3.093,-10.062,fixed_sl10_tp25_h40,603220,14.183,中贝通信,通信工程及服务
2025-11-07,2025-11-10,2025-12-04,96.7407,87.0666,19,止损,-10.0,-10.15,0.936,-10.861,fixed_sl10_tp25_h40,601216,15.973,君正集团,氯碱
2025-11-07,2025-11-10,2026-01-06,76.96,82.2872,40,到期,6.922,6.772,19.504,-0.087,fixed_sl10_tp25_h40,600754,14.585,锦江酒店,酒店
2025-11-07,2025-11-10,2025-12-05,79.5302,71.5772,20,止损,-10.0,-10.15,4.971,-10.516,fixed_sl10_tp25_h40,002183,17.588,怡 亚 通,贸易Ⅲ
2025-11-07,2025-11-10,2026-01-06,119.5534,112.5692,40,到期,-5.842,-5.992,4.296,-9.107,fixed_sl10_tp25_h40,001914,16.585,招商积余,物业管理
2025-11-07,2025-11-10,2025-12-02,25.6418,32.0522,17,止盈,25.0,24.85,29.443,-3.961,fixed_sl10_tp25_h40,603327,18.023,福蓉科技,消费电子零部件及组装
2025-11-10,2025-11-11,2025-11-21,69.6959,62.7263,9,止损,-10.0,-10.15,2.048,-11.809,fixed_sl10_tp25_h40,002182,16.993,宝武镁业,其他小金属
2025-11-10,2025-11-11,2026-01-07,107.5443,103.6838,40,到期,-3.59,-3.74,15.385,-6.154,fixed_sl10_tp25_h40,600881,21.841,亚泰集团,综合Ⅲ
2025-11-10,2025-11-11,2025-12-12,75.7488,68.1739,24,止损,-10.0,-10.15,15.295,-10.508,fixed_sl10_tp25_h40,600367,14.43,红星发展,无机盐
2025-11-10,2025-11-11,2025-12-17,32.638,40.7975,27,止盈,25.0,24.85,25.202,-7.794,fixed_sl10_tp25_h40,603992,15.088,松霖科技,卫浴制品
2025-11-10,2025-11-11,2025-12-05,35.1751,31.6576,19,止损,-10.0,-10.15,1.105,-11.316,fixed_sl10_tp25_h40,603826,14.605,坤彩科技,非金属材料Ⅲ
2025-11-10,2025-11-11,2025-12-15,23.4512,21.1061,25,止损,-10.0,-10.15,2.062,-10.309,fixed_sl10_tp25_h40,002526,15.657,山东矿机,能源及重型设备
2025-11-10,2025-11-11,2025-11-24,103.6264,93.2638,10,止损,-10.0,-10.15,13.951,-12.061,fixed_sl10_tp25_h40,001298,21.877,好上好,其他电子Ⅲ
2025-11-10,2025-11-11,2025-11-25,13.8952,12.5057,11,止损,-10.0,-10.15,0.676,-12.342,fixed_sl10_tp25_h40,601777,14.505,千里科技,摩托车
2025-11-10,2025-11-11,2026-01-07,30.3033,29.3167,40,到期,-3.256,-3.406,0.31,-9.457,fixed_sl10_tp25_h40,002283,15.201,天润工业,底盘与发动机系统
2025-11-10,2025-11-11,2025-11-17,70.6616,63.5954,5,止损,-10.0,-10.15,1.402,-10.841,fixed_sl10_tp25_h40,603920,21.399,世运电路,印制电路板
2025-11-11,2025-11-12,2025-12-12,29.5123,26.561,23,止损,-10.0,-10.15,0.677,-10.829,fixed_sl10_tp25_h40,600186,15.465,莲花控股,调味发酵品Ⅲ
2025-11-11,2025-11-12,2026-01-08,197.2948,214.4393,40,到期,8.69,8.54,22.181,-9.665,fixed_sl10_tp25_h40,603040,18.782,新坐标,底盘与发动机系统
2025-11-11,2025-11-12,2025-11-24,464.7982,418.3184,9,止损,-10.0,-10.15,6.567,-12.239,fixed_sl10_tp25_h40,600884,21.008,杉杉股份,电池化学品
2025-11-11,2025-11-12,2025-11-21,15.8002,14.2202,8,止损,-10.0,-10.15,5.217,-12.522,fixed_sl10_tp25_h40,601086,19.651,国芳集团,百货
2025-11-11,2025-11-12,2025-12-11,53.7002,48.3302,22,止损,-10.0,-10.15,5.537,-10.188,fixed_sl10_tp25_h40,600126,21.736,杭钢股份,板材
2025-11-12,2025-11-13,2025-12-26,60.7326,75.9158,32,止盈,25.0,24.85,26.646,-8.15,fixed_sl10_tp25_h40,002429,15.366,兆驰股份,彩电
2025-11-12,2025-11-13,2025-11-18,14.367,12.9303,4,止损,-10.0,-10.15,4.966,-10.274,fixed_sl10_tp25_h40,601218,14.175,吉鑫科技,风电零部件
2025-11-12,2025-11-13,2026-01-09,88.3165,87.9516,40,到期,-0.413,-0.563,3.444,-7.3,fixed_sl10_tp25_h40,002707,21.229,众信旅游,旅游综合
2025-11-12,2025-11-13,2025-11-21,87.7725,78.9953,7,止损,-10.0,-10.15,0.119,-12.545,fixed_sl10_tp25_h40,000670,20.391,盈方微,其他电子Ⅲ
2025-11-12,2025-11-13,2025-11-21,120.2462,108.2216,7,止损,-10.0,-10.15,1.047,-10.471,fixed_sl10_tp25_h40,600770,14.759,综艺股份,综合Ⅲ
2025-11-12,2025-11-13,2026-01-09,243.7212,269.2094,40,到期,10.458,10.308,12.5,-5.941,fixed_sl10_tp25_h40,000801,17.884,四川九洲,其他黑色家电
2025-11-13,2025-11-14,2026-01-12,49.7666,46.5559,40,到期,-6.452,-6.602,0.672,-9.946,fixed_sl10_tp25_h40,002120,21.596,韵达股份,快递
2025-11-13,2025-11-14,2025-12-05,304.9225,274.4303,16,止损,-10.0,-10.15,3.784,-10.27,fixed_sl10_tp25_h40,600606,14.949,绿地控股,住宅开发
2025-11-13,2025-11-14,2025-12-04,28.6564,25.7907,15,止损,-10.0,-10.15,1.425,-10.214,fixed_sl10_tp25_h40,000420,15.591,吉林化纤,粘胶
2025-11-13,2025-11-14,2025-11-21,25.928,23.3352,6,止损,-10.0,-10.15,3.339,-15.641,fixed_sl10_tp25_h40,002145,10.768,钛能化学,钛白粉
2025-11-13,2025-11-14,2026-01-12,15.6839,15.7899,40,到期,0.676,0.526,12.162,-3.716,fixed_sl10_tp25_h40,000560,15.738,我爱我家,房产租赁经纪
2025-11-13,2025-11-14,2026-01-12,30.2042,34.8645,40,到期,15.429,15.279,19.068,-9.316,fixed_sl10_tp25_h40,002510,15.528,天汽模,其他汽车零部件
2025-11-14,2025-11-17,2025-12-15,57.4282,51.6854,21,止损,-10.0,-10.15,1.282,-10.106,fixed_sl10_tp25_h40,002101,14.812,广东鸿图,其他汽车零部件
2025-11-14,2025-11-17,2025-12-15,130.3647,117.3282,21,止损,-10.0,-10.15,0.787,-10.079,fixed_sl10_tp25_h40,600081,18.557,东风科技,车身附件及饰件
2025-11-14,2025-11-17,2026-01-13,6.2634,6.174,40,到期,-1.429,-1.579,9.048,-7.143,fixed_sl10_tp25_h40,000882,18.961,华联股份,商业物业经营
2025-11-14,2025-11-17,2026-01-13,63.8567,64.7516,40,到期,1.401,1.251,4.454,-9.009,fixed_sl10_tp25_h40,603960,18.081,克来机电,底盘与发动机系统
2025-11-14,2025-11-17,2025-12-05,19.2444,17.32,15,止损,-10.0,-10.15,0.809,-10.734,fixed_sl10_tp25_h40,603477,24.345,巨星农牧,生猪养殖
2025-11-14,2025-11-17,2026-01-13,28.2962,31.644,40,到期,11.831,11.681,13.578,-5.461,fixed_sl10_tp25_h40,001337,16.11,四川黄金,黄金
2025-11-14,2025-11-17,2025-11-21,31.102,27.9918,5,止损,-10.0,-10.15,0.165,-10.782,fixed_sl10_tp25_h40,603118,19.178,共进股份,通信终端及配件
2025-11-14,2025-11-17,2025-12-29,111.3142,100.1828,31,止损,-10.0,-10.15,6.189,-10.922,fixed_sl10_tp25_h40,000042,17.107,中洲控股,住宅开发
2025-11-17,2025-11-18,2025-11-21,105.0691,94.5622,4,止损,-10.0,-10.15,0.075,-13.463,fixed_sl10_tp25_h40,002167,20.08,东方锆业,其他小金属
2025-11-17,2025-11-18,2025-11-21,76.084,68.4756,4,止损,-10.0,-10.15,1.079,-13.43,fixed_sl10_tp25_h40,001283,21.2,豪鹏科技,锂电池
2025-11-18,2025-11-19,2026-01-15,21.6225,21.3065,40,到期,-1.461,-1.611,3.862,-3.445,fixed_sl10_tp25_h40,002461,16.515,珠江啤酒,啤酒
2025-11-19,2025-11-20,2025-12-09,56.0981,50.4883,14,止损,-10.0,-10.15,2.582,-10.519,fixed_sl10_tp25_h40,002289,16.141,宇顺电子,面板
2025-11-19,2025-11-20,2025-12-22,143.3083,179.1353,23,止盈,25.0,24.85,28.209,-9.873,fixed_sl10_tp25_h40,000417,14.648,合百集团,多业态零售
2025-11-19,2025-11-20,2025-12-10,103.4524,129.3155,15,止盈,25.0,24.85,29.431,-7.191,fixed_sl10_tp25_h40,000603,21.04,盛达资源,白银
2025-11-21,2025-11-24,2026-01-20,329.8619,358.7842,40,到期,8.768,8.618,8.768,-5.553,fixed_sl10_tp25_h40,603737,17.225,三棵树,涂料
2025-11-21,2025-11-24,2026-01-20,241.9773,251.0345,40,到期,3.743,3.593,13.787,-2.994,fixed_sl10_tp25_h40,600055,19.658,万东医疗,医疗设备
2025-11-26,2025-11-27,2025-12-17,97.8463,88.0617,15,止损,-10.0,-10.15,11.737,-14.99,fixed_sl10_tp25_h40,603322,23.786,超讯科技,通信工程及服务
2025-11-26,2025-11-27,2026-01-05,124.5484,155.6855,26,止盈,25.0,24.85,25.287,-4.138,fixed_sl10_tp25_h40,600226,16.451,亨通股份,热力服务
2025-12-03,2025-12-04,2026-01-30,53.322,52.3602,40,到期,-1.804,-1.954,13.24,-2.994,fixed_sl10_tp25_h40,002955,15.112,鸿合科技,面板
2025-12-04,2025-12-05,2026-01-14,30.2271,37.7839,27,止盈,25.0,24.85,28.994,-1.177,fixed_sl10_tp25_h40,605118,16.198,力鼎光电,安防设备
2025-12-04,2025-12-05,2026-01-13,240.7371,300.9214,26,止盈,25.0,24.85,28.97,-2.471,fixed_sl10_tp25_h40,000975,17.504,山金国际,黄金
2025-12-04,2025-12-05,2026-02-02,46.3912,47.1072,40,到期,1.543,1.393,18.621,-5.556,fixed_sl10_tp25_h40,603969,17.656,银龙股份,金属制品
2025-12-05,2025-12-08,2026-02-03,196.0715,188.7177,40,到期,-3.751,-3.901,9.087,-7.407,fixed_sl10_tp25_h40,002896,24.883,中大力德,金属制品
2025-12-05,2025-12-08,2026-02-03,18.0192,17.496,40,到期,-2.904,-3.054,4.704,-8.304,fixed_sl10_tp25_h40,601177,19.264,杭齿前进,金属制品
2025-12-05,2025-12-08,2026-02-03,377.5435,387.8178,40,到期,2.721,2.571,8.57,-5.443,fixed_sl10_tp25_h40,002273,19.677,水晶光电,光学元件
2025-12-05,2025-12-08,2026-01-19,71.0878,88.8597,29,止盈,25.0,24.85,25.786,-0.486,fixed_sl10_tp25_h40,001389,23.619,广合科技,印制电路板
2025-12-05,2025-12-08,2026-01-26,8.8186,7.9367,34,止损,-10.0,-10.15,0.935,-11.838,fixed_sl10_tp25_h40,601598,21.775,中国外运,跨境物流
2025-12-05,2025-12-08,2026-01-07,105.8525,132.3157,21,止盈,25.0,24.85,28.111,-0.922,fixed_sl10_tp25_h40,000672,12.255,上峰材料,水泥制造
2025-12-08,2025-12-09,2026-02-04,1341.0434,1374.4566,40,到期,2.492,2.342,21.818,-4.108,fixed_sl10_tp25_h40,600570,20.682,恒生电子,垂直应用软件
2025-12-08,2025-12-09,2026-02-04,31.8561,33.4323,40,到期,4.948,4.798,17.536,-2.356,fixed_sl10_tp25_h40,002906,19.698,华阳集团,汽车电子电气系统
2025-12-08,2025-12-09,2026-02-04,33.456,33.9081,40,到期,1.351,1.201,7.928,-3.874,fixed_sl10_tp25_h40,603328,15.146,依顿电子,印制电路板
2025-12-08,2025-12-09,2026-02-04,59.8886,71.7433,40,到期,19.795,19.645,21.289,-1.867,fixed_sl10_tp25_h40,000680,16.368,山推股份,工程机械整机
2025-12-09,2025-12-10,2026-02-05,38.8403,41.1385,40,到期,5.917,5.767,15.237,-1.923,fixed_sl10_tp25_h40,000967,13.623,盈峰环境,环保设备Ⅲ
2025-12-09,2025-12-10,2026-02-05,59.4983,58.885,40,到期,-1.031,-1.181,9.107,-3.608,fixed_sl10_tp25_h40,002701,15.154,奥瑞金,金属包装
2025-12-09,2025-12-10,2026-01-12,66.1965,82.7456,22,止盈,25.0,24.85,31.872,-3.457,fixed_sl10_tp25_h40,002171,21.445,楚江新材,铜
2025-12-09,2025-12-10,2026-02-05,71.1537,72.6903,40,到期,2.159,2.009,8.555,-3.405,fixed_sl10_tp25_h40,601717,18.355,中创智领,能源及重型设备
2025-12-09,2025-12-10,2025-12-29,71.5131,89.3914,14,止盈,25.0,24.85,34.096,-4.462,fixed_sl10_tp25_h40,002169,17.389,智光电气,电网自动化设备
2025-12-10,2025-12-11,2026-02-06,44.2897,42.6895,40,到期,-3.613,-3.763,8.502,-6.589,fixed_sl10_tp25_h40,000058,21.578,深 赛 格,商业物业经营
2025-12-10,2025-12-11,2026-02-06,26.435,26.5996,40,到期,0.623,0.473,6.02,-1.92,fixed_sl10_tp25_h40,603855,14.856,华荣股份,其他专用设备
2025-12-10,2025-12-11,2026-02-06,84.7119,83.7024,40,到期,-1.192,-1.342,5.417,-4.225,fixed_sl10_tp25_h40,600827,10.275,百联股份,多业态零售
2025-12-10,2025-12-11,2026-01-12,265.2445,331.5556,21,止盈,25.0,24.85,33.804,-4.388,fixed_sl10_tp25_h40,600850,15.957,电科数字,IT服务Ⅲ
2025-12-10,2025-12-11,2025-12-22,228.8074,286.0093,8,止盈,25.0,24.85,25.734,-5.195,fixed_sl10_tp25_h40,600487,19.309,亨通光电,通信线缆及配套
2025-12-10,2025-12-11,2026-02-06,77.4244,81.7414,40,到期,5.576,5.426,19.479,-4.236,fixed_sl10_tp25_h40,603005,22.478,晶方科技,集成电路封测
2025-12-10,2025-12-11,2025-12-26,132.5779,165.7224,12,止盈,25.0,24.85,29.378,-0.381,fixed_sl10_tp25_h40,002202,15.897,金风科技,风电整机
2025-12-10,2025-12-11,2026-02-06,139.7811,147.7402,40,到期,5.694,5.544,17.749,-7.963,fixed_sl10_tp25_h40,002747,20.96,埃斯顿,机器人
2025-12-10,2025-12-11,2026-01-05,11.0168,9.9152,16,止损,-10.0,-10.15,5.367,-12.618,fixed_sl10_tp25_h40,601456,12.694,国联民生,证券Ⅲ
2025-12-10,2025-12-11,2025-12-16,46673.2972,42005.9674,4,止损,-10.0,-10.15,0.722,-10.71,fixed_sl10_tp25_h40,600651,21.36,飞乐音响,汽车电子电气系统
2025-12-11,2025-12-12,2026-02-09,24.1325,25.6515,40,到期,6.295,6.145,10.587,-2.146,fixed_sl10_tp25_h40,002483,12.927,润邦股份,能源及重型设备
2025-12-11,2025-12-12,2026-02-09,113.6676,124.7469,40,到期,9.747,9.597,22.084,-2.59,fixed_sl10_tp25_h40,000733,14.338,振华科技,军工电子Ⅲ
2025-12-11,2025-12-12,2026-01-19,44.0648,55.0809,25,止盈,25.0,24.85,26.286,-7.44,fixed_sl10_tp25_h40,002636,15.672,金安国纪,印制电路板
2025-12-11,2025-12-12,2026-01-08,91.3545,114.1931,18,止盈,25.0,24.85,33.961,-8.143,fixed_sl10_tp25_h40,603052,20.318,可川科技,消费电子零部件及组装
2025-12-11,2025-12-12,2026-01-19,38.0221,47.5276,25,止盈,25.0,24.85,26.145,-2.528,fixed_sl10_tp25_h40,000506,20.878,招金黄金,黄金
2025-12-11,2025-12-12,2026-02-09,70.3335,81.9789,40,到期,16.557,16.407,21.967,-1.967,fixed_sl10_tp25_h40,002533,19.394,金杯电工,线缆部件及其他
2025-12-11,2025-12-12,2026-02-09,7.7603,7.7823,40,到期,0.284,0.134,5.739,-4.448,fixed_sl10_tp25_h40,601686,12.664,友发集团,钢铁管材
2025-12-11,2025-12-12,2026-02-09,38.3623,46.0441,40,到期,20.025,19.875,24.386,-1.658,fixed_sl10_tp25_h40,002534,18.627,西子洁能,火电设备
2025-12-11,2025-12-12,2026-01-27,124.7684,155.9605,31,止盈,25.0,24.85,26.182,-8.532,fixed_sl10_tp25_h40,002150,16.955,正泰电源,逆变器
2025-12-11,2025-12-12,2026-02-09,26.1297,26.2367,40,到期,0.41,0.26,13.517,-5.325,fixed_sl10_tp25_h40,603915,11.954,国茂股份,金属制品
2025-12-11,2025-12-12,2026-01-21,274.2024,342.753,27,止盈,25.0,24.85,29.518,-5.572,fixed_sl10_tp25_h40,002518,19.214,科士达,其他电源设备Ⅲ
2025-12-11,2025-12-12,2026-02-09,69.3023,74.8098,40,到期,7.947,7.797,24.834,-4.525,fixed_sl10_tp25_h40,002434,18.531,万里扬,底盘与发动机系统
2025-12-12,2025-12-15,2026-01-28,53.5387,66.9233,31,止盈,25.0,24.85,26.379,-6.175,fixed_sl10_tp25_h40,002552,14.306,宝鼎科技,印制电路板
2025-12-12,2025-12-15,2026-02-10,58.4111,61.9904,40,到期,6.128,5.978,9.147,-3.375,fixed_sl10_tp25_h40,000957,16.731,中通客车,商用载客车
2025-12-12,2025-12-15,2026-02-10,197.5408,218.8922,40,到期,10.809,10.659,23.432,-4.538,fixed_sl10_tp25_h40,000682,14.608,东方电子,电网自动化设备
2025-12-12,2025-12-15,2026-01-16,512.077,640.0963,23,止盈,25.0,24.85,25.191,-5.492,fixed_sl10_tp25_h40,002008,21.628,大族激光,激光设备
2025-12-12,2025-12-15,2026-01-29,418.3363,522.9203,32,止盈,25.0,24.85,25.647,-3.089,fixed_sl10_tp25_h40,600460,20.94,士兰微,分立器件
2025-12-15,2025-12-16,2026-02-11,222.9592,215.2989,40,到期,-3.436,-3.586,3.88,-9.054,fixed_sl10_tp25_h40,002262,18.831,恩华药业,化学制剂
2025-12-15,2025-12-16,2026-02-11,24.5079,29.7993,40,到期,21.591,21.441,24.026,-5.357,fixed_sl10_tp25_h40,601636,23.209,旗滨集团,玻璃制造
2025-12-15,2025-12-16,2026-01-19,78.0549,97.5686,23,止盈,25.0,24.85,31.169,-5.772,fixed_sl10_tp25_h40,002546,19.142,新联电子,电工仪器仪表
2025-12-15,2025-12-16,2026-02-11,37.3929,41.6184,40,到期,11.3,11.15,19.118,-3.947,fixed_sl10_tp25_h40,000922,20.786,佳电股份,电机Ⅲ
2025-12-15,2025-12-16,2026-01-19,66.151,82.6888,23,止盈,25.0,24.85,29.185,-2.942,fixed_sl10_tp25_h40,002270,15.317,华明装备,输变电设备
2025-12-15,2025-12-16,2026-02-11,56.5561,59.9078,40,到期,5.926,5.776,23.619,-5.035,fixed_sl10_tp25_h40,603556,15.48,海兴电力,电工仪器仪表
2025-12-15,2025-12-16,2026-01-09,23.6393,29.5492,17,止盈,25.0,24.85,27.285,-3.532,fixed_sl10_tp25_h40,601958,16.068,金钼股份,钼
2025-12-15,2025-12-16,2026-02-11,37.5689,41.952,40,到期,11.667,11.517,12.708,-9.028,fixed_sl10_tp25_h40,601001,17.543,晋控煤业,动力煤
2025-12-15,2025-12-16,2026-01-21,111.4241,139.2801,25,止盈,25.0,24.85,32.567,-3.831,fixed_sl10_tp25_h40,002237,22.368,恒邦股份,黄金
2025-12-15,2025-12-16,2025-12-29,156.8165,196.0206,10,止盈,25.0,24.85,32.617,-7.009,fixed_sl10_tp25_h40,000777,20.11,中核科技,金属制品
2025-12-15,2025-12-16,2026-02-11,143.0945,173.0487,40,到期,20.933,20.783,24.842,-3.783,fixed_sl10_tp25_h40,600348,15.806,华阳股份,动力煤
2025-12-16,2025-12-17,2026-02-12,64.6708,72.6795,40,到期,12.384,12.234,13.053,-2.938,fixed_sl10_tp25_h40,603298,15.3,杭叉集团,工程机械整机
2025-12-16,2025-12-17,2026-01-26,124.7909,155.9887,27,止盈,25.0,24.85,27.513,-1.799,fixed_sl10_tp25_h40,600452,14.229,涪陵电力,电能综合服务
2025-12-16,2025-12-17,2026-02-12,20.1569,18.3132,40,到期,-9.146,-9.296,4.522,-9.756,fixed_sl10_tp25_h40,603093,18.898,南华期货,期货
2025-12-16,2025-12-17,2025-12-24,84.3119,105.3899,6,止盈,25.0,24.85,29.127,-0.556,fixed_sl10_tp25_h40,002284,16.986,亚太股份,底盘与发动机系统
2025-12-17,2025-12-18,2026-02-13,60.7118,62.8444,40,到期,3.513,3.363,14.78,-0.49,fixed_sl10_tp25_h40,000600,22.118,建投能源,火力发电
2025-12-17,2025-12-18,2026-02-13,140.6722,141.8469,40,到期,0.835,0.685,13.194,-5.72,fixed_sl10_tp25_h40,601567,21.395,三星电气,配电设备
2025-12-17,2025-12-18,2026-01-12,85.9871,107.4839,16,止盈,25.0,24.85,34.52,-6.762,fixed_sl10_tp25_h40,603067,17.686,振华股份,无机盐
2025-12-17,2025-12-18,2026-01-07,232.3752,290.469,13,止盈,25.0,24.85,26.408,-2.242,fixed_sl10_tp25_h40,002409,20.094,雅克科技,半导体材料
2025-12-17,2025-12-18,2026-02-13,87.1012,98.7915,40,到期,13.422,13.272,19.754,-0.095,fixed_sl10_tp25_h40,600710,18.754,苏美达,贸易Ⅲ
2025-12-17,2025-12-18,2026-02-13,85.1908,83.0952,40,到期,-2.46,-2.61,4.492,-3.102,fixed_sl10_tp25_h40,600109,16.221,国金证券,证券Ⅲ
2025-12-17,2025-12-18,2026-01-23,8.3051,10.3814,25,止盈,25.0,24.85,26.75,-0.539,fixed_sl10_tp25_h40,000875,16.65,电投绿能,电能综合服务
2025-12-17,2025-12-18,2026-02-13,135.3848,141.2227,40,到期,4.312,4.162,10.855,-0.368,fixed_sl10_tp25_h40,600704,16.45,物产中大,原材料供应链服务
2025-12-17,2025-12-18,2026-02-13,103.8587,108.4935,40,到期,4.463,4.313,17.184,-0.981,fixed_sl10_tp25_h40,002140,21.871,东华科技,化学工程
2025-12-17,2025-12-18,2026-02-13,192.1701,203.1171,40,到期,5.697,5.547,15.07,-1.088,fixed_sl10_tp25_h40,002056,18.977,横店东磁,光伏电池组件
2025-12-17,2025-12-18,2026-02-13,116.0496,124.4644,40,到期,7.251,7.101,15.936,-1.275,fixed_sl10_tp25_h40,600995,17.923,南网储能,电能综合服务
2025-12-17,2025-12-18,2026-01-09,143.3639,179.2049,15,止盈,25.0,24.85,28.033,-2.982,fixed_sl10_tp25_h40,603358,16.086,华达科技,其他汽车零部件
2025-12-18,2025-12-19,2026-02-24,25.6375,25.7305,40,到期,0.363,0.213,6.167,-2.539,fixed_sl10_tp25_h40,000728,17.767,国元证券,证券Ⅲ
2025-12-18,2025-12-19,2026-01-15,224.7888,280.9859,18,止盈,25.0,24.85,32.407,-0.926,fixed_sl10_tp25_h40,000060,16.231,中金岭南,铅锌
2025-12-18,2025-12-19,2026-01-23,48.0645,60.0807,24,止盈,25.0,24.85,26.781,0.0,fixed_sl10_tp25_h40,002266,20.944,浙富控股,固废治理
2025-12-18,2025-12-19,2026-01-19,4.2453,5.3066,20,止盈,25.0,24.85,27.033,-1.196,fixed_sl10_tp25_h40,601096,16.914,宏盛华源,钢结构
2025-12-18,2025-12-19,2026-02-24,42.7643,48.6693,40,到期,13.808,13.658,18.852,-0.252,fixed_sl10_tp25_h40,002299,15.618,圣农发展,肉鸡养殖
2025-12-18,2025-12-19,2026-02-24,248.2002,254.7058,40,到期,2.621,2.471,11.148,-5.508,fixed_sl10_tp25_h40,600885,17.436,宏发股份,电网自动化设备
2025-12-18,2025-12-19,2026-01-27,213.9609,267.4511,26,止盈,25.0,24.85,26.556,-0.386,fixed_sl10_tp25_h40,002601,15.357,龙佰集团,钛白粉
2025-12-18,2025-12-19,2026-01-23,91.0164,113.7705,24,止盈,25.0,24.85,25.0,-2.167,fixed_sl10_tp25_h40,600063,18.374,皖维高新,其他化学纤维
2025-12-19,2025-12-22,2026-02-25,11.8353,11.9782,40,到期,1.208,1.058,12.56,-1.449,fixed_sl10_tp25_h40,601099,17.209,太平洋,证券Ⅲ
2025-12-19,2025-12-22,2026-01-22,107.3894,134.2368,22,止盈,25.0,24.85,28.663,-0.644,fixed_sl10_tp25_h40,000758,24.019,中色股份,铅锌
2025-12-19,2025-12-22,2026-02-25,486.5968,471.1096,40,到期,-3.183,-3.333,7.444,-5.493,fixed_sl10_tp25_h40,000623,15.909,吉林敖东,中药Ⅲ
2025-12-19,2025-12-22,2026-02-25,106.7878,121.2613,40,到期,13.554,13.404,15.945,-0.456,fixed_sl10_tp25_h40,002334,18.658,英威腾,工控设备
2025-12-19,2025-12-22,2026-02-25,10.5381,10.227,40,到期,-2.952,-3.102,5.905,-7.429,fixed_sl10_tp25_h40,001236,14.271,弘业期货,期货
2025-12-19,2025-12-22,2026-02-02,47.0109,42.3098,29,止损,-10.0,-10.15,0.0,-10.877,fixed_sl10_tp25_h40,002124,11.313,天邦食品,生猪养殖
2025-12-19,2025-12-22,2026-01-16,50.8017,45.7215,18,止损,-10.0,-10.15,6.897,-10.489,fixed_sl10_tp25_h40,600185,15.175,珠免集团,旅游零售Ⅲ
2025-12-19,2025-12-22,2026-01-05,212.1471,265.1838,9,止盈,25.0,24.85,26.987,-0.015,fixed_sl10_tp25_h40,002738,12.601,中矿资源,锂
2025-12-22,2025-12-23,2026-02-13,79.1963,98.9953,37,止盈,25.0,24.85,25.678,-1.148,fixed_sl10_tp25_h40,002897,14.337,意华股份,通信网络设备及器件
2025-12-22,2025-12-23,2026-02-26,53.6928,52.5333,40,到期,-2.159,-2.309,7.386,-4.601,fixed_sl10_tp25_h40,002901,21.954,大博医疗,医疗耗材
2025-12-22,2025-12-23,2026-02-26,94.0294,90.6895,40,到期,-3.552,-3.702,6.148,-5.601,fixed_sl10_tp25_h40,002100,12.782,天康生物,生猪养殖
2025-12-22,2025-12-23,2026-02-26,39.5771,44.0338,40,到期,11.261,11.111,18.239,-1.824,fixed_sl10_tp25_h40,002708,22.337,光洋股份,底盘与发动机系统
2025-12-22,2025-12-23,2026-02-26,40.7211,37.9053,40,到期,-6.915,-7.065,10.816,-9.752,fixed_sl10_tp25_h40,600658,19.418,电子城,产业地产
2025-12-22,2025-12-23,2026-02-26,9.7931,10.2334,40,到期,4.497,4.347,8.779,-2.248,fixed_sl10_tp25_h40,601022,19.562,宁波远洋,航运
2025-12-23,2025-12-24,2026-01-12,107.6276,134.5346,12,止盈,25.0,24.85,29.349,-1.555,fixed_sl10_tp25_h40,000612,14.962,焦作万方,铝
2025-12-23,2025-12-24,2026-02-27,29.0054,29.8092,40,到期,2.771,2.621,10.241,-4.819,fixed_sl10_tp25_h40,600819,20.591,耀皮玻璃,玻璃制造
2025-12-23,2025-12-24,2026-01-20,220.6878,275.8597,18,止盈,25.0,24.85,30.286,-4.026,fixed_sl10_tp25_h40,000400,15.134,许继电气,电网自动化设备
2025-12-23,2025-12-24,2026-02-27,60.6873,65.0996,40,到期,7.271,7.121,8.105,-2.265,fixed_sl10_tp25_h40,000537,16.697,绿发电力,风力发电
2025-12-23,2025-12-24,2026-02-27,7910.7361,7756.4487,40,到期,-1.95,-2.1,15.603,-2.416,fixed_sl10_tp25_h40,600612,19.865,老凤祥,钟表珠宝
2025-12-24,2025-12-25,2026-03-02,80.5865,83.7094,40,到期,3.875,3.725,17.223,-2.368,fixed_sl10_tp25_h40,600059,15.678,古越龙山,其他酒类
2025-12-24,2025-12-25,2026-02-06,53.0631,47.7568,30,止损,-10.0,-10.15,11.831,-10.479,fixed_sl10_tp25_h40,603025,20.052,大豪科技,工控设备
2025-12-24,2025-12-25,2026-01-23,54.8164,68.5205,20,止盈,25.0,24.85,26.325,-1.709,fixed_sl10_tp25_h40,002010,16.359,传化智联,公路货运
2025-12-24,2025-12-25,2026-03-02,109.2135,102.6384,40,到期,-6.02,-6.17,15.357,-7.194,fixed_sl10_tp25_h40,002987,17.465,京北方,垂直应用软件
2025-12-24,2025-12-25,2026-03-02,58.0716,62.6181,40,到期,7.829,7.679,15.777,-1.305,fixed_sl10_tp25_h40,002537,14.609,海联金汇,车身附件及饰件
2025-12-25,2025-12-26,2026-01-13,49.3418,61.6773,11,止盈,25.0,24.85,28.757,-0.081,fixed_sl10_tp25_h40,002203,13.433,海亮股份,铜
2025-12-25,2025-12-26,2026-03-03,230.5794,216.0657,40,到期,-6.294,-6.444,9.34,-8.223,fixed_sl10_tp25_h40,000061,10.548,农 产 品,商业物业经营
2025-12-25,2025-12-26,2026-03-03,27.416,30.4492,40,到期,11.064,10.914,15.745,-2.553,fixed_sl10_tp25_h40,000709,18.538,河钢股份,板材
2025-12-26,2025-12-29,2026-01-27,77.7625,97.2032,10,止盈,25.0,24.85,28.942,-4.731,fixed_sl10_tp25_h40,002155,15.122,湖南黄金,黄金
2025-12-26,2025-12-29,2026-01-29,24.2074,30.2593,22,止盈,25.0,24.85,25.085,-3.313,fixed_sl10_tp25_h40,601677,11.215,明泰铝业,铝
2025-12-26,2025-12-29,2026-03-04,79.4198,80.3498,40,到期,1.171,1.021,6.792,-5.386,fixed_sl10_tp25_h40,002011,18.684,盾安环境,家电零部件Ⅲ
2025-12-26,2025-12-29,2026-01-28,50.6714,63.3393,21,止盈,25.0,24.85,27.127,-2.889,fixed_sl10_tp25_h40,002782,22.193,可立克,其他电子Ⅲ
2025-12-29,2025-12-30,2026-01-13,114.6638,143.3298,9,止盈,25.0,24.85,26.641,-0.901,fixed_sl10_tp25_h40,002605,22.4,姚记科技,游戏Ⅲ
2025-12-29,2025-12-30,2026-01-23,25.071,31.3388,17,止盈,25.0,24.85,25.325,-1.299,fixed_sl10_tp25_h40,000629,12.69,钒钛股份,冶钢辅料
2025-12-29,2025-12-30,2026-02-25,44.1008,55.126,34,止盈,25.0,24.85,26.987,-0.276,fixed_sl10_tp25_h40,002895,11.31,川恒股份,磷肥及磷化工
2025-12-29,2025-12-30,2026-03-05,52.7673,55.1773,40,到期,4.567,4.417,8.734,-0.641,fixed_sl10_tp25_h40,002580,18.677,圣阳股份,蓄电池及其他电池
2025-12-29,2025-12-30,2026-03-05,38.1142,37.4372,40,到期,-1.776,-1.926,13.677,-3.02,fixed_sl10_tp25_h40,600390,11.619,五矿资本,金融控股
2025-12-29,2025-12-30,2026-03-05,13.0354,12.036,40,到期,-7.666,-7.816,5.56,-9.436,fixed_sl10_tp25_h40,002423,17.968,中粮资本,金融控股
2025-12-29,2025-12-30,2026-03-05,63.469,69.7169,40,到期,9.844,9.694,15.497,-1.17,fixed_sl10_tp25_h40,002057,16.899,中钢天源,检测服务
2025-12-29,2025-12-30,2026-03-05,71.3476,80.4801,40,到期,12.8,12.65,23.147,-1.707,fixed_sl10_tp25_h40,603505,14.009,金石资源,氟化工
2025-12-29,2025-12-30,2026-03-05,114.9955,117.9047,40,到期,2.53,2.38,14.174,-1.972,fixed_sl10_tp25_h40,603659,20.587,璞泰来,电池化学品
2025-12-29,2025-12-30,2026-01-26,63.0214,78.7768,18,止盈,25.0,24.85,26.949,-0.524,fixed_sl10_tp25_h40,002993,14.481,奥海科技,消费电子零部件及组装
2025-12-29,2025-12-30,2026-03-05,255.7897,287.3158,40,到期,12.325,12.175,21.987,-3.349,fixed_sl10_tp25_h40,002138,19.042,顺络电子,被动元件
2025-12-29,2025-12-30,2026-02-27,69.958,87.4476,36,止盈,25.0,24.85,25.551,-1.322,fixed_sl10_tp25_h40,600478,20.311,科力远,锂电池
2025-12-29,2025-12-30,2026-03-02,123.187,110.8683,37,止损,-10.0,-10.15,10.711,-12.187,fixed_sl10_tp25_h40,000799,21.652,酒鬼酒,白酒Ⅲ
2025-12-30,2025-12-31,2026-03-06,20.0701,21.9113,40,到期,9.174,9.024,20.183,-5.505,fixed_sl10_tp25_h40,600231,23.868,凌钢股份,长材
2025-12-30,2025-12-31,2026-01-29,60.0257,75.0321,20,止盈,25.0,24.85,26.765,-0.632,fixed_sl10_tp25_h40,000655,16.869,金岭矿业,铁矿石
2025-12-30,2025-12-31,2026-02-10,83.5452,104.4315,28,止盈,25.0,24.85,32.833,-8.667,fixed_sl10_tp25_h40,600586,19.794,金晶科技,玻璃制造
2025-12-30,2025-12-31,2026-01-30,8.0068,7.2062,21,止损,-10.0,-10.15,2.136,-10.097,fixed_sl10_tp25_h40,600207,20.261,安彩高科,光伏辅材
2025-12-30,2025-12-31,2026-03-06,105.3263,125.8884,40,到期,19.522,19.372,24.794,-1.4,fixed_sl10_tp25_h40,002170,15.55,芭田股份,复合肥
2025-12-30,2025-12-31,2026-03-06,8.3401,8.6038,40,到期,3.162,3.012,9.486,-4.743,fixed_sl10_tp25_h40,000898,14.557,鞍钢股份,板材
2025-12-30,2025-12-31,2026-03-06,15.1014,15.4575,40,到期,2.358,2.208,22.909,-4.013,fixed_sl10_tp25_h40,601061,23.111,中信金属,贸易Ⅲ
2025-12-30,2025-12-31,2026-03-06,42.7856,47.1877,40,到期,10.289,10.139,16.245,-1.534,fixed_sl10_tp25_h40,002106,15.47,莱宝高科,面板
2025-12-30,2025-12-31,2026-02-25,206.3578,257.9473,33,止盈,25.0,24.85,27.643,-2.004,fixed_sl10_tp25_h40,000422,16.207,湖北宜化,氮肥
2025-12-30,2025-12-31,2026-01-29,55.1228,68.9035,20,止盈,25.0,24.85,33.621,-1.638,fixed_sl10_tp25_h40,603599,15.533,广信股份,农药
2025-12-30,2025-12-31,2026-03-06,71.1695,75.3801,40,到期,5.916,5.766,10.39,-1.948,fixed_sl10_tp25_h40,002635,11.783,安洁科技,消费电子零部件及组装
2025-12-30,2025-12-31,2026-01-28,16.5568,20.6961,19,止盈,25.0,24.85,31.894,-0.664,fixed_sl10_tp25_h40,601388,16.724,怡球资源,铝
2025-12-30,2025-12-31,2026-03-06,13.6718,15.6635,40,到期,14.568,14.418,17.086,-3.597,fixed_sl10_tp25_h40,002386,18.225,天原股份,氯碱
2025-12-30,2025-12-31,2026-01-12,193.3871,241.7339,7,止盈,25.0,24.85,25.682,-0.234,fixed_sl10_tp25_h40,603039,17.846,泛微网络,横向通用软件
2025-12-31,2026-01-05,2026-03-09,146.2616,162.9113,40,到期,11.384,11.234,22.942,-0.175,fixed_sl10_tp25_h40,600596,13.722,新安股份,农药
2025-12-31,2026-01-05,2026-01-21,106.5406,133.1757,13,止盈,25.0,24.85,26.517,-0.449,fixed_sl10_tp25_h40,600649,15.118,城投控股,住宅开发
2025-12-31,2026-01-05,2026-01-14,182.7355,228.4194,8,止盈,25.0,24.85,25.446,-0.396,fixed_sl10_tp25_h40,600718,16.549,东软集团,IT服务Ⅲ
2025-12-31,2026-01-05,2026-01-14,100.2832,125.354,8,止盈,25.0,24.85,27.315,-1.157,fixed_sl10_tp25_h40,000676,19.327,智度股份,营销代理
2025-12-31,2026-01-05,2026-02-26,13.4608,16.826,33,止盈,25.0,24.85,26.187,-0.613,fixed_sl10_tp25_h40,603070,16.613,万控智造,配电设备
2025-12-31,2026-01-05,2026-01-26,26.4184,33.023,16,止盈,25.0,24.85,30.627,-5.343,fixed_sl10_tp25_h40,603619,16.831,中曼石油,油田服务
2025-12-31,2026-01-05,2026-03-09,133.4519,136.6647,40,到期,2.407,2.257,12.16,-6.852,fixed_sl10_tp25_h40,002085,19.281,万丰奥威,轮胎轮毂
2025-12-31,2026-01-05,2026-03-09,38.151,43.3765,40,到期,13.697,13.547,20.121,-0.848,fixed_sl10_tp25_h40,600328,14.99,中盐化工,无机盐
2025-12-31,2026-01-05,2026-03-09,117.9136,119.168,40,到期,1.064,0.914,9.762,-3.755,fixed_sl10_tp25_h40,002401,15.919,中远海科,IT服务Ⅲ
2026-01-05,2026-01-06,2026-02-26,215.8291,269.7864,32,止盈,25.0,24.85,25.778,-1.333,fixed_sl10_tp25_h40,002312,19.649,川发龙蟒,磷肥及磷化工
2026-01-05,2026-01-06,2026-03-10,12.5395,14.5207,40,到期,15.8,15.65,21.869,-0.193,fixed_sl10_tp25_h40,603299,20.65,苏盐井神,无机盐
2026-01-05,2026-01-06,2026-01-26,19.7768,24.7211,15,止盈,25.0,24.85,32.794,-0.231,fixed_sl10_tp25_h40,601678,15.583,滨化股份,氯碱
2026-01-05,2026-01-06,2026-01-26,13.3592,16.699,15,止盈,25.0,24.85,25.409,0.0,fixed_sl10_tp25_h40,000968,18.987,蓝焰控股,油气开采Ⅲ
2026-01-05,2026-01-06,2026-03-10,629.4394,667.2342,40,到期,6.005,5.855,16.749,-9.571,fixed_sl10_tp25_h40,001696,17.361,宗申动力,其他通用设备
2026-01-05,2026-01-06,2026-02-06,128.3917,115.5525,24,止损,-10.0,-10.15,7.723,-10.954,fixed_sl10_tp25_h40,000034,18.742,神州数码,IT服务Ⅲ
2026-01-05,2026-01-06,2026-01-28,40.6889,50.8612,17,止盈,25.0,24.85,25.153,-0.263,fixed_sl10_tp25_h40,000815,15.078,美利云,IT服务Ⅲ
2026-01-05,2026-01-06,2026-03-10,204.1165,194.7939,40,到期,-4.567,-4.717,6.571,-8.974,fixed_sl10_tp25_h40,000062,16.656,深圳华强,其他电子Ⅲ
2026-01-05,2026-01-06,2026-03-10,54.4524,52.7756,40,到期,-3.079,-3.229,9.101,-5.637,fixed_sl10_tp25_h40,603658,13.608,安图生物,体外诊断
2026-01-05,2026-01-06,2026-02-10,48.5728,60.7161,26,止盈,25.0,24.85,26.804,-0.309,fixed_sl10_tp25_h40,002079,15.277,苏州固锝,光伏辅材
2026-01-05,2026-01-06,2026-01-30,65332.2753,58799.0478,19,止损,-10.0,-10.15,12.683,-11.301,fixed_sl10_tp25_h40,600601,13.883,方正科技,印制电路板
2026-01-05,2026-01-06,2026-03-10,144.9355,143.696,40,到期,-0.855,-1.005,11.596,-4.044,fixed_sl10_tp25_h40,603605,19.036,珀莱雅,品牌化妆品
2026-01-05,2026-01-06,2026-01-23,41.4689,51.8361,14,止盈,25.0,24.85,26.762,-1.047,fixed_sl10_tp25_h40,601020,21.326,华钰矿业,铅锌
2026-01-05,2026-01-06,2026-03-03,77.7874,70.0086,35,止损,-10.0,-10.15,8.602,-11.559,fixed_sl10_tp25_h40,603456,20.306,九洲药业,医疗研发外包
2026-01-06,2026-01-07,2026-02-27,77.4214,96.7768,32,止盈,25.0,24.85,25.732,-0.439,fixed_sl10_tp25_h40,603393,16.08,新天然气,燃气Ⅲ
2026-01-06,2026-01-07,2026-03-11,72.5927,72.6603,40,到期,0.093,-0.057,10.718,-5.685,fixed_sl10_tp25_h40,603033,15.742,三维股份,其他橡胶制品
2026-01-06,2026-01-07,2026-03-11,34.2929,37.7083,40,到期,9.959,9.809,15.447,-7.52,fixed_sl10_tp25_h40,000723,21.759,美锦能源,焦炭Ⅲ
2026-01-06,2026-01-07,2026-01-26,23.0581,28.8226,14,止盈,25.0,24.85,25.205,-1.97,fixed_sl10_tp25_h40,600026,17.065,中远海能,航运
2026-01-06,2026-01-07,2026-03-11,19.2329,20.5969,40,到期,7.092,6.942,9.693,-1.655,fixed_sl10_tp25_h40,603227,17.563,雪峰科技,民爆制品
2026-01-06,2026-01-07,2026-03-06,16.0809,14.4728,37,止损,-10.0,-10.15,5.981,-10.081,fixed_sl10_tp25_h40,603170,14.821,宝立食品,调味发酵品Ⅲ
2026-01-06,2026-01-07,2026-03-11,4.6315,4.9139,40,到期,6.098,5.948,11.585,-2.439,fixed_sl10_tp25_h40,601880,14.566,辽港股份,港口
2026-01-06,2026-01-07,2026-01-22,65.3085,81.6356,12,止盈,25.0,24.85,28.607,-4.809,fixed_sl10_tp25_h40,002165,19.009,红 宝 丽,聚氨酯
2026-01-06,2026-01-07,2026-01-15,26.5712,33.214,7,止盈,25.0,24.85,27.032,-1.325,fixed_sl10_tp25_h40,000409,17.434,云鼎科技,IT服务Ⅲ
2026-01-06,2026-01-07,2026-03-03,39.4154,35.4739,34,止损,-10.0,-10.15,6.865,-12.0,fixed_sl10_tp25_h40,603068,14.6,博通集成,模拟芯片设计
2026-01-06,2026-01-07,2026-03-11,145.4372,156.1734,40,到期,7.382,7.232,16.304,-4.62,fixed_sl10_tp25_h40,603290,19.886,斯达半导,分立器件
2026-01-06,2026-01-07,2026-02-11,7.7273,9.6591,26,止盈,25.0,24.85,25.414,-4.42,fixed_sl10_tp25_h40,002470,19.424,金正大,复合肥
2026-01-06,2026-01-07,2026-01-27,94.202,84.7818,15,止损,-10.0,-10.15,5.127,-10.928,fixed_sl10_tp25_h40,600592,13.069,龙溪股份,金属制品
2026-01-06,2026-01-07,2026-03-11,21.3164,22.1155,40,到期,3.749,3.599,5.501,-2.483,fixed_sl10_tp25_h40,605011,16.296,杭州热电,热力服务
2026-01-06,2026-01-07,2026-03-03,9.8447,12.3059,34,止盈,25.0,24.85,36.449,-2.103,fixed_sl10_tp25_h40,000912,18.015,泸天化,氮肥
2026-01-06,2026-01-07,2026-03-03,93.4778,84.13,34,止损,-10.0,-10.15,8.932,-10.374,fixed_sl10_tp25_h40,600171,17.831,上海贝岭,模拟芯片设计
2026-01-06,2026-01-07,2026-03-11,39.8569,38.6317,40,到期,-3.074,-3.224,4.285,-7.219,fixed_sl10_tp25_h40,001308,11.851,康冠科技,面板
2026-01-06,2026-01-07,2026-03-11,41.9336,50.1122,40,到期,19.504,19.354,23.747,-8.313,fixed_sl10_tp25_h40,605286,18.626,同力天启,楼宇设备
2026-01-06,2026-01-07,2026-03-11,28.5754,30.4936,40,到期,6.713,6.563,9.028,-0.926,fixed_sl10_tp25_h40,600425,18.792,青松建化,水泥制造
2026-01-06,2026-01-07,2026-01-15,235.4663,294.3329,7,止盈,25.0,24.85,27.019,-1.786,fixed_sl10_tp25_h40,002410,18.08,广联达,垂直应用软件
2026-01-06,2026-01-07,2026-03-11,46.9788,46.2879,40,到期,-1.471,-1.621,9.902,-5.686,fixed_sl10_tp25_h40,000795,19.77,英洛华,磁性材料
2026-01-06,2026-01-07,2026-01-13,109.742,137.1775,5,止盈,25.0,24.85,28.018,-0.304,fixed_sl10_tp25_h40,600633,11.619,浙数文化,游戏Ⅲ
2026-01-06,2026-01-07,2026-03-11,50.6666,55.6776,40,到期,9.89,9.74,19.414,-1.832,fixed_sl10_tp25_h40,600170,15.077,上海建工,房屋建设Ⅲ
2026-01-07,2026-01-08,2026-03-12,70.6052,66.6827,40,到期,-5.556,-5.706,4.101,-8.896,fixed_sl10_tp25_h40,603529,15.717,爱玛科技,其他运输设备
2026-01-07,2026-01-08,2026-03-12,78.9397,78.9397,40,到期,0.0,-0.15,7.053,-8.406,fixed_sl10_tp25_h40,002559,14.117,亚威股份,机床工具
2026-01-07,2026-01-08,2026-02-13,73.2704,91.588,27,止盈,25.0,24.85,27.76,-0.487,fixed_sl10_tp25_h40,002467,14.37,二六三,通信应用增值服务
2026-01-07,2026-01-08,2026-03-12,36.4954,44.4253,40,到期,21.728,21.578,24.198,-2.963,fixed_sl10_tp25_h40,600500,16.14,中化国际,其他化学制品
2026-01-07,2026-01-08,2026-03-12,24.5442,22.4072,40,到期,-8.707,-8.857,9.828,-9.784,fixed_sl10_tp25_h40,002189,14.594,中光学,军工电子Ⅲ
2026-01-07,2026-01-08,2026-03-12,52.7909,57.807,40,到期,9.502,9.352,16.974,-7.011,fixed_sl10_tp25_h40,603010,24.542,万盛股份,其他化学制品
2026-01-07,2026-01-08,2026-03-02,32.6177,40.7721,32,止盈,25.0,24.85,25.51,-4.898,fixed_sl10_tp25_h40,600395,21.068,盘江股份,焦煤
2026-01-07,2026-01-08,2026-03-04,86.9017,78.2115,34,止损,-10.0,-10.15,4.3,-10.811,fixed_sl10_tp25_h40,002550,19.296,千红制药,化学制剂
2026-01-07,2026-01-08,2026-01-26,581.0956,726.3695,13,止盈,25.0,24.85,25.384,-2.158,fixed_sl10_tp25_h40,002130,14.448,沃尔核材,其他电子Ⅲ
2026-01-07,2026-01-08,2026-03-12,100.7605,103.9514,40,到期,3.167,3.017,20.339,-3.635,fixed_sl10_tp25_h40,002881,13.379,美格智能,通信终端及配件
2026-01-07,2026-01-08,2026-03-12,7.99,7.9349,40,到期,-0.69,-0.84,5.517,-5.172,fixed_sl10_tp25_h40,600117,17.288,西宁特钢,特钢Ⅲ
2026-01-07,2026-01-08,2026-03-12,79.4673,96.0905,40,到期,20.918,20.768,23.98,-7.993,fixed_sl10_tp25_h40,600516,20.479,方大炭素,冶钢辅料
2026-01-07,2026-01-08,2026-01-23,10.951,13.6887,12,止盈,25.0,24.85,25.074,-0.59,fixed_sl10_tp25_h40,601608,19.458,中信重工,能源及重型设备
2026-01-07,2026-01-08,2026-03-12,56.8234,58.0711,40,到期,2.196,2.046,17.479,-4.919,fixed_sl10_tp25_h40,605277,10.655,新亚电子,消费电子零部件及组装
2026-01-07,2026-01-08,2026-03-06,91.5375,114.4219,36,止盈,25.0,24.85,31.648,-0.359,fixed_sl10_tp25_h40,600131,18.557,国网信通,IT服务Ⅲ
2026-01-07,2026-01-08,2026-01-13,127.6311,159.5389,4,止盈,25.0,24.85,28.405,-0.623,fixed_sl10_tp25_h40,600640,19.188,国脉文化,营销代理
2026-01-07,2026-01-08,2026-03-12,54.1152,64.4959,40,到期,19.183,19.033,19.183,-0.417,fixed_sl10_tp25_h40,000722,18.567,湖南发展,水力发电
2026-01-07,2026-01-08,2026-01-30,22.937,28.6713,17,止盈,25.0,24.85,26.465,-2.274,fixed_sl10_tp25_h40,601155,11.842,新城控股,商业地产
2026-01-08,2026-01-09,2026-03-13,73.8583,80.4745,40,到期,8.958,8.808,11.7,-2.925,fixed_sl10_tp25_h40,000937,19.887,冀中能源,焦煤
2026-01-08,2026-01-09,2026-03-13,328.1631,310.9118,40,到期,-5.257,-5.407,3.839,-9.037,fixed_sl10_tp25_h40,600161,16.854,天坛生物,血液制品
2026-01-08,2026-01-09,2026-03-12,94.8672,118.584,39,止盈,25.0,24.85,28.515,-0.492,fixed_sl10_tp25_h40,600873,16.767,梅花生物,食品及饲料添加剂
2026-01-08,2026-01-09,2026-03-13,142.7809,133.7539,40,到期,-6.322,-6.472,4.472,-8.867,fixed_sl10_tp25_h40,600422,14.257,昆药集团,中药Ⅲ
2026-01-08,2026-01-09,2026-03-13,17.1778,18.2411,40,到期,6.19,6.04,9.284,-1.354,fixed_sl10_tp25_h40,600168,21.494,武汉控股,水务及水治理
2026-01-08,2026-01-09,2026-01-27,75.4137,94.2671,13,止盈,25.0,24.85,28.319,-1.475,fixed_sl10_tp25_h40,000631,19.332,顺发恒能,其他能源发电
2026-01-08,2026-01-09,2026-01-15,216.5866,194.9279,5,止损,-10.0,-10.15,0.99,-10.241,fixed_sl10_tp25_h40,603360,15.203,百傲化学,农药
2026-01-08,2026-01-09,2026-03-13,106.6436,102.8885,40,到期,-3.521,-3.671,4.93,-5.634,fixed_sl10_tp25_h40,000402,17.166,金 融 街,商业地产
2026-01-08,2026-01-09,2026-03-13,61.6114,59.6611,40,到期,-3.165,-3.315,7.914,-5.755,fixed_sl10_tp25_h40,000158,22.539,常山北明,IT服务Ⅲ
2026-01-08,2026-01-09,2026-03-13,144.9404,138.0054,40,到期,-4.785,-4.935,14.115,-7.476,fixed_sl10_tp25_h40,000819,22.758,岳阳兴长,其他石化
2026-01-08,2026-01-09,2026-03-10,13.0326,16.2907,37,止盈,25.0,24.85,30.196,-4.51,fixed_sl10_tp25_h40,601789,17.954,宁波建工,房屋建设Ⅲ
2026-01-08,2026-01-09,2026-03-13,28.1195,29.0598,40,到期,3.344,3.194,7.803,-6.688,fixed_sl10_tp25_h40,002302,16.721,西部建设,水泥制品
2026-01-08,2026-01-09,2026-03-03,71.3148,64.1833,32,止损,-10.0,-10.15,5.961,-10.432,fixed_sl10_tp25_h40,002681,16.76,奋达科技,消费电子零部件及组装
2026-01-08,2026-01-09,2026-03-13,79.5267,94.1523,40,到期,18.391,18.241,23.153,-3.448,fixed_sl10_tp25_h40,600123,20.296,兰花科创,焦煤
2026-01-09,2026-01-12,2026-03-16,16.3049,17.9043,40,到期,9.809,9.659,18.256,-0.545,fixed_sl10_tp25_h40,002060,14.616,广东建工,基建市政工程
2026-01-09,2026-01-12,2026-03-16,41.4962,39.687,40,到期,-4.36,-4.51,23.868,-7.658,fixed_sl10_tp25_h40,603155,16.217,新亚强,有机硅
2026-01-09,2026-01-12,2026-03-09,7.5258,9.4073,35,止盈,25.0,24.85,27.001,-0.814,fixed_sl10_tp25_h40,001258,18.494,立新能源,风力发电
2026-01-09,2026-01-12,2026-02-27,25.4712,31.839,29,止盈,25.0,24.85,28.065,-1.613,fixed_sl10_tp25_h40,600744,19.118,华银电力,火力发电
2026-01-09,2026-01-12,2026-01-29,37.2338,46.5422,14,止盈,25.0,24.85,26.991,-2.853,fixed_sl10_tp25_h40,002785,14.047,万里石,其他建材Ⅲ
2026-01-09,2026-01-12,2026-01-28,103.4675,93.1208,13,止损,-10.0,-10.15,1.324,-10.62,fixed_sl10_tp25_h40,603369,18.155,今世缘,白酒Ⅲ
2026-01-09,2026-01-12,2026-03-16,50.1994,47.3752,40,到期,-5.626,-5.776,10.259,-7.336,fixed_sl10_tp25_h40,000025,19.115,特  力Ａ,综合Ⅲ
2026-01-09,2026-01-12,2026-03-16,56.7222,59.9671,40,到期,5.721,5.571,17.391,-5.95,fixed_sl10_tp25_h40,600509,11.901,天富能源,火力发电
2026-01-09,2026-01-12,2026-03-16,38.5827,40.2602,40,到期,4.348,4.198,17.614,-6.02,fixed_sl10_tp25_h40,603336,21.381,宏辉果蔬,其他种植业
2026-01-09,2026-01-12,2026-03-16,196.6657,198.7804,40,到期,1.075,0.925,8.961,-3.584,fixed_sl10_tp25_h40,600675,19.116,中华企业,住宅开发
2026-01-09,2026-01-12,2026-03-16,47.3851,48.6608,40,到期,2.692,2.542,6.41,-5.321,fixed_sl10_tp25_h40,000913,16.706,钱江摩托,摩托车
2026-01-09,2026-01-12,2026-03-16,24.33,25.7706,40,到期,5.921,5.771,20.263,-0.526,fixed_sl10_tp25_h40,002267,18.214,陕天然气,燃气Ⅲ
2026-01-09,2026-01-12,2026-03-16,23.5931,22.5118,40,到期,-4.583,-4.733,2.917,-9.583,fixed_sl10_tp25_h40,000718,20.527,苏宁环球,住宅开发
2026-01-09,2026-01-12,2026-03-11,164.3743,147.9369,37,止损,-10.0,-10.15,6.886,-10.889,fixed_sl10_tp25_h40,000712,17.128,锦龙股份,证券Ⅲ
2026-01-09,2026-01-12,2026-03-13,88.1824,110.2281,39,止盈,25.0,24.85,25.077,-3.096,fixed_sl10_tp25_h40,600971,19.799,恒源煤电,焦煤
2026-01-09,2026-01-12,2026-03-16,22.3646,22.2293,40,到期,-0.605,-0.755,7.11,-3.177,fixed_sl10_tp25_h40,600073,12.43,光明肉业,肉制品
2026-01-09,2026-01-12,2026-03-16,6.5219,6.6861,40,到期,2.518,2.368,15.647,-0.18,fixed_sl10_tp25_h40,600917,17.971,重庆燃气,燃气Ⅲ
2026-01-09,2026-01-12,2026-03-16,18.6676,20.0969,40,到期,7.657,7.507,14.617,-6.497,fixed_sl10_tp25_h40,601515,22.313,衢州东峰,纸包装
2026-01-09,2026-01-12,2026-02-02,160.7269,144.6542,16,止损,-10.0,-10.15,15.593,-10.473,fixed_sl10_tp25_h40,600246,13.283,万通发展,住宅开发
2026-01-09,2026-01-12,2026-03-16,37.3794,39.1724,40,到期,4.797,4.647,6.048,-3.545,fixed_sl10_tp25_h40,603707,15.222,健友股份,化学制剂
2026-01-09,2026-01-12,2026-03-16,43.3399,45.5512,40,到期,5.102,4.952,11.735,-2.041,fixed_sl10_tp25_h40,600308,18.759,华泰股份,大宗用纸
2026-01-09,2026-01-12,2026-03-16,75.7708,72.0436,40,到期,-4.919,-5.069,13.248,-8.999,fixed_sl10_tp25_h40,002603,21.247,以岭药业,中药Ⅲ
2026-01-09,2026-01-12,2026-01-29,154.1244,138.712,14,止损,-10.0,-10.15,3.971,-10.049,fixed_sl10_tp25_h40,002093,16.619,国脉科技,学历教育
2026-01-09,2026-01-12,2026-01-28,37.2367,33.5131,13,止损,-10.0,-10.15,2.424,-10.444,fixed_sl10_tp25_h40,603983,13.87,丸美生物,品牌化妆品
2026-01-12,2026-01-13,2026-03-17,66.5496,71.55,40,到期,7.514,7.364,14.737,-6.256,fixed_sl10_tp25_h40,603489,14.953,八方股份,电机Ⅲ
2026-01-12,2026-01-13,2026-03-17,10.986,10.5892,40,到期,-3.612,-3.762,8.126,-6.998,fixed_sl10_tp25_h40,002110,14.252,三钢闽光,长材
2026-01-12,2026-01-13,2026-03-16,66.4912,59.8421,39,止损,-10.0,-10.15,8.858,-12.401,fixed_sl10_tp25_h40,603217,13.252,元利科技,其他化学制品
2026-01-12,2026-01-13,2026-03-17,18.1113,17.5346,40,到期,-3.184,-3.334,1.285,-3.575,fixed_sl10_tp25_h40,601059,17.883,信达证券,证券Ⅲ
2026-01-12,2026-01-13,2026-03-17,136.7504,130.0908,40,到期,-4.87,-5.02,2.535,-8.606,fixed_sl10_tp25_h40,600557,14.816,康缘药业,中药Ⅲ
2026-01-12,2026-01-13,2026-03-17,34.471,32.7796,40,到期,-4.907,-5.057,6.832,-6.77,fixed_sl10_tp25_h40,000756,17.643,新华制药,化学制剂
2026-01-12,2026-01-13,2026-03-17,12.1607,12.0946,40,到期,-0.544,-0.694,3.673,-3.129,fixed_sl10_tp25_h40,603609,14.159,禾丰股份,畜禽饲料
2026-01-12,2026-01-13,2026-03-17,51.4505,51.2246,40,到期,-0.439,-0.589,4.94,-7.903,fixed_sl10_tp25_h40,000989,19.783,九芝堂,中药Ⅲ
2026-01-13,2026-01-14,2026-03-18,14.7547,15.0939,40,到期,2.299,2.149,7.471,-4.023,fixed_sl10_tp25_h40,002482,21.922,广田集团,装修装饰Ⅲ
2026-01-13,2026-01-14,2026-03-18,44.2727,51.5724,40,到期,16.488,16.338,19.914,-1.57,fixed_sl10_tp25_h40,000823,17.745,超声电子,印制电路板
2026-01-13,2026-01-14,2026-03-04,60.5799,54.5219,30,止损,-10.0,-10.15,2.308,-11.911,fixed_sl10_tp25_h40,002242,17.497,九阳股份,厨房小家电
2026-01-13,2026-01-14,2026-03-18,151.2243,165.3152,40,到期,9.318,9.168,15.025,-2.363,fixed_sl10_tp25_h40,603939,17.141,益丰药房,线下药店
2026-01-13,2026-01-14,2026-01-23,128.0846,160.1058,8,止盈,25.0,24.85,30.187,-2.075,fixed_sl10_tp25_h40,002859,16.822,洁美科技,其他电子Ⅲ
2026-01-14,2026-01-15,2026-03-19,124.555,114.3376,40,到期,-8.203,-8.353,12.109,-8.594,fixed_sl10_tp25_h40,000069,17.206,华侨城Ａ,商业地产
2026-01-14,2026-01-15,2026-02-10,42.4993,53.1241,19,止盈,25.0,24.85,32.131,-9.836,fixed_sl10_tp25_h40,000070,21.957,特发信息,通信线缆及配套
2026-01-14,2026-01-15,2026-03-19,152.9,148.8112,40,到期,-2.674,-2.824,2.041,-6.404,fixed_sl10_tp25_h40,000403,18.5,派林生物,血液制品
2026-01-14,2026-01-15,2026-02-25,171.9847,154.7863,24,止损,-10.0,-10.15,3.985,-10.134,fixed_sl10_tp25_h40,002847,13.295,盐津铺子,零食
2026-01-14,2026-01-15,2026-03-19,62.3421,64.3819,40,到期,3.272,3.122,5.794,-7.476,fixed_sl10_tp25_h40,002959,17.959,小熊电器,厨房小家电
2026-01-14,2026-01-15,2026-01-30,22.8642,20.5778,12,止损,-10.0,-10.15,1.034,-10.783,fixed_sl10_tp25_h40,600203,20.178,福日电子,消费电子零部件及组装
2026-01-14,2026-01-15,2026-03-19,20.2584,19.4446,40,到期,-4.017,-4.167,0.43,-6.887,fixed_sl10_tp25_h40,600155,16.322,华创云信,证券Ⅲ
2026-01-15,2026-01-16,2026-02-10,17.9132,22.3915,18,止盈,25.0,24.85,26.695,-3.299,fixed_sl10_tp25_h40,600977,20.311,中国电影,影视动漫制作
2026-01-15,2026-01-16,2026-03-20,11.6245,13.03,40,到期,12.091,11.941,23.055,-2.579,fixed_sl10_tp25_h40,601918,15.639,新集能源,动力煤
2026-01-16,2026-01-19,2026-02-06,42.2075,52.7594,15,止盈,25.0,24.85,29.602,-0.26,fixed_sl10_tp25_h40,605060,15.325,联德股份,其他通用设备
2026-01-16,2026-01-19,2026-03-20,22.878,20.5902,39,止损,-10.0,-10.15,17.108,-12.048,fixed_sl10_tp25_h40,002356,17.356,鹏飞绿能,多业态零售
2026-01-19,2026-01-20,2026-01-30,58.1882,72.7353,9,止盈,25.0,24.85,27.25,-1.0,fixed_sl10_tp25_h40,600740,18.574,山西焦化,焦炭Ⅲ
2026-01-19,2026-01-20,2026-03-12,7.7013,9.6266,32,止盈,25.0,24.85,30.603,-0.927,fixed_sl10_tp25_h40,603113,11.558,金能科技,其他化学原料
2026-01-19,2026-01-20,2026-03-04,70.4247,63.3823,26,止损,-10.0,-10.15,1.92,-11.2,fixed_sl10_tp25_h40,002515,19.744,金字火腿,肉制品
2026-01-19,2026-01-20,2026-03-03,27.7176,24.9458,25,止损,-10.0,-10.15,2.021,-10.695,fixed_sl10_tp25_h40,605108,21.711,同庆楼,餐饮
2026-01-20,2026-01-21,2026-03-10,9.1307,11.4134,29,止盈,25.0,24.85,26.877,-2.767,fixed_sl10_tp25_h40,600726,15.132,华电能源,火力发电
2026-01-20,2026-01-21,2026-03-23,80.901,72.8109,38,止损,-10.0,-10.15,8.804,-11.794,fixed_sl10_tp25_h40,002226,16.899,江南化工,民爆制品
2026-01-22,2026-01-23,2026-02-26,42.8593,53.5741,19,止盈,25.0,24.85,25.522,-6.421,fixed_sl10_tp25_h40,002348,13.572,高乐股份,娱乐用品
2026-01-23,2026-01-26,2026-03-30,27.6161,28.1395,40,到期,1.895,1.745,6.8,-2.118,fixed_sl10_tp25_h40,600548,18.965,深高速,高速公路
2026-01-27,2026-01-28,2026-03-20,21.4701,19.3231,32,止损,-10.0,-10.15,5.49,-11.373,fixed_sl10_tp25_h40,002307,20.485,北新路桥,基建市政工程
2026-01-27,2026-01-28,2026-02-02,64.5495,58.0945,4,止损,-10.0,-10.15,3.557,-10.268,fixed_sl10_tp25_h40,002125,14.805,湘潭电化,电池化学品
2026-01-28,2026-01-29,2026-04-02,53.683,50.1042,40,到期,-6.667,-6.817,7.273,-9.394,fixed_sl10_tp25_h40,002157,15.976,正邦科技,生猪养殖
2026-01-29,2026-01-30,2026-04-03,44.8511,42.6268,40,到期,-4.959,-5.109,2.114,-5.285,fixed_sl10_tp25_h40,600377,17.973,宁沪高速,高速公路
2026-01-29,2026-01-30,2026-04-03,39.8699,38.7786,40,到期,-2.737,-2.887,4.562,-8.577,fixed_sl10_tp25_h40,002563,22.995,森马服饰,非运动服装
2026-01-30,2026-02-02,2026-03-19,98.2777,88.4499,28,止损,-10.0,-10.15,0.192,-10.365,fixed_sl10_tp25_h40,002481,19.345,双塔食品,其他农产品加工
2026-02-10,2026-02-11,2026-04-16,34.0431,32.7987,40,到期,-3.655,-3.805,1.828,-9.661,fixed_sl10_tp25_h40,600033,25.414,福建高速,高速公路
2026-02-11,2026-02-12,2026-03-02,4.5946,4.1351,7,止损,-10.0,-10.15,0.446,-10.045,fixed_sl10_tp25_h40,600936,13.526,北投科技,IT服务Ⅲ
2026-02-11,2026-02-12,2026-03-27,377.8784,340.0906,26,止损,-10.0,-10.15,0.0,-10.733,fixed_sl10_tp25_h40,600085,16.653,同仁堂,中药Ⅲ
2026-02-11,2026-02-12,2026-03-02,284.8797,256.3918,7,止损,-10.0,-10.15,5.867,-12.067,fixed_sl10_tp25_h40,000700,11.758,模塑科技,车身附件及饰件
2026-02-11,2026-02-12,2026-03-23,57.1048,51.3943,22,止损,-10.0,-10.15,11.866,-10.529,fixed_sl10_tp25_h40,000555,16.064,神州信息,IT服务Ⅲ
2026-02-13,2026-02-24,2026-03-24,90.7354,81.6619,21,止损,-10.0,-10.15,6.861,-11.092,fixed_sl10_tp25_h40,002229,15.043,鸿博股份,IT服务Ⅲ
2026-02-24,2026-02-25,2026-03-23,54.9454,49.4508,19,止损,-10.0,-10.15,2.373,-14.915,fixed_sl10_tp25_h40,002421,11.411,达实智能,IT服务Ⅲ
2026-02-25,2026-02-26,2026-03-19,50.0607,45.0546,16,止损,-10.0,-10.15,0.395,-10.168,fixed_sl10_tp25_h40,002668,12.389,TCL智家,冰洗
2026-02-25,2026-02-26,2026-03-18,248.4656,223.619,15,止损,-10.0,-10.15,4.345,-10.103,fixed_sl10_tp25_h40,600764,19.193,中国海防,航海装备Ⅲ
2026-02-25,2026-02-26,2026-03-20,14.6261,13.1635,17,止损,-10.0,-10.15,1.046,-11.367,fixed_sl10_tp25_h40,601696,14.942,中银证券,证券Ⅲ
2026-02-26,2026-02-27,2026-03-23,3.525,3.1725,17,止损,-10.0,-10.15,1.84,-13.497,fixed_sl10_tp25_h40,600939,23.706,重庆建工,房屋建设Ⅲ
2026-02-26,2026-02-27,2026-03-18,130.7071,117.6364,14,止损,-10.0,-10.15,3.155,-11.551,fixed_sl10_tp25_h40,002104,23.41,恒宝股份,通信终端及配件
2026-02-26,2026-02-27,2026-03-20,20.0013,18.0012,16,止损,-10.0,-10.15,1.205,-11.446,fixed_sl10_tp25_h40,002146,15.959,荣盛发展,住宅开发
2026-02-26,2026-02-27,2026-04-24,250.1923,272.5259,40,到期,8.927,8.777,18.644,-7.91,fixed_sl10_tp25_h40,000049,14.86,德赛电池,锂电池
2026-02-27,2026-03-02,2026-03-09,63.8952,57.5057,6,止损,-10.0,-10.15,4.732,-10.181,fixed_sl10_tp25_h40,603650,12.069,彤程新材,橡胶助剂
2026-02-27,2026-03-02,2026-03-09,57.9555,52.16,6,止损,-10.0,-10.15,0.366,-10.256,fixed_sl10_tp25_h40,600376,23.455,首开股份,住宅开发
2026-02-27,2026-03-02,2026-03-23,20.9391,18.8452,16,止损,-10.0,-10.15,2.111,-12.929,fixed_sl10_tp25_h40,600103,19.553,青山纸业,特种纸
2026-02-27,2026-03-02,2026-03-20,171.5715,154.4144,15,止损,-10.0,-10.15,5.77,-11.49,fixed_sl10_tp25_h40,002268,20.998,电科网安,其他计算机设备
2026-03-02,2026-03-03,2026-03-09,25.4196,22.8776,5,止损,-10.0,-10.15,0.0,-10.059,fixed_sl10_tp25_h40,002265,16.241,建设工业,底盘与发动机系统
2026-03-02,2026-03-03,2026-03-09,66.9638,60.2674,5,止损,-10.0,-10.15,1.409,-10.23,fixed_sl10_tp25_h40,603931,22.736,格林达,电子化学品Ⅲ
2026-03-02,2026-03-03,2026-03-09,124.8208,112.3387,5,止损,-10.0,-10.15,1.567,-11.198,fixed_sl10_tp25_h40,600315,14.402,上海家化,品牌化妆品
2026-03-02,2026-03-03,2026-03-11,33.7554,42.1943,7,止盈,25.0,24.85,26.747,-6.337,fixed_sl10_tp25_h40,002298,16.892,中电鑫龙,输变电设备
2026-03-02,2026-03-03,2026-03-13,35.1277,31.615,9,止损,-10.0,-10.15,0.181,-10.108,fixed_sl10_tp25_h40,002651,18.617,利君股份,航空装备Ⅲ
2026-03-02,2026-03-03,2026-03-23,41.2177,37.0959,15,止损,-10.0,-10.15,1.907,-10.354,fixed_sl10_tp25_h40,603300,17.029,海南华铁,租赁
2026-03-02,2026-03-03,2026-04-15,31.2553,39.0691,31,止盈,25.0,24.85,26.346,-4.983,fixed_sl10_tp25_h40,603063,18.828,禾望电气,风电零部件
2026-03-02,2026-03-03,2026-03-31,20.0995,18.0896,21,止损,-10.0,-10.15,2.235,-11.173,fixed_sl10_tp25_h40,603112,14.459,华翔股份,家电零部件Ⅲ
2026-03-02,2026-03-03,2026-03-30,82.3766,74.1389,20,止损,-10.0,-10.15,3.728,-12.096,fixed_sl10_tp25_h40,002052,16.911,同洲电子,其他电源设备Ⅲ
2026-03-02,2026-03-03,2026-03-20,21.61,19.449,14,止损,-10.0,-10.15,0.403,-11.007,fixed_sl10_tp25_h40,002685,17.122,华东重机,工程机械整机
2026-03-03,2026-03-04,2026-04-29,75.2526,83.1739,40,到期,10.526,10.376,11.87,-3.024,fixed_sl10_tp25_h40,002091,11.318,江苏国泰,贸易Ⅲ
2026-03-03,2026-03-04,2026-04-23,238.045,297.5563,36,止盈,25.0,24.85,26.509,-3.195,fixed_sl10_tp25_h40,002245,18.315,蔚蓝锂芯,锂电池
2026-03-03,2026-03-04,2026-03-20,125.95,113.355,13,止损,-10.0,-10.15,12.528,-10.754,fixed_sl10_tp25_h40,600888,11.42,新疆众和,铝
2026-03-03,2026-03-04,2026-03-26,112.3224,140.403,17,止盈,25.0,24.85,27.571,-0.894,fixed_sl10_tp25_h40,000531,13.509,穗恒运Ａ,火力发电
2026-03-03,2026-03-04,2026-03-12,80.213,72.1917,7,止损,-10.0,-10.15,3.404,-10.486,fixed_sl10_tp25_h40,002430,11.213,杭氧股份,其他化学制品
2026-03-04,2026-03-05,2026-03-17,50.9187,45.8269,9,止损,-10.0,-10.15,2.138,-10.784,fixed_sl10_tp25_h40,601137,18.662,博威合金,其他金属新材料
2026-03-04,2026-03-05,2026-03-18,173.3566,156.0209,10,止损,-10.0,-10.15,14.797,-11.848,fixed_sl10_tp25_h40,000830,14.425,鲁西化工,煤化工
2026-03-04,2026-03-05,2026-03-16,43.406,39.0654,8,止损,-10.0,-10.15,0.57,-10.076,fixed_sl10_tp25_h40,000825,12.743,太钢不锈,特钢Ⅲ
2026-03-05,2026-03-06,2026-03-23,27.1803,24.4622,12,止损,-10.0,-10.15,6.78,-16.102,fixed_sl10_tp25_h40,600361,11.462,创新新材,铝
2026-03-09,2026-03-10,2026-03-18,117.3528,105.6175,7,止损,-10.0,-10.15,6.44,-15.832,fixed_sl10_tp25_h40,600475,17.634,华光环能,热力服务
2026-03-09,2026-03-10,2026-03-23,55.8517,50.2666,10,止损,-10.0,-10.15,0.397,-14.683,fixed_sl10_tp25_h40,002219,15.004,新里程,医院
2026-03-09,2026-03-10,2026-03-23,20.4507,18.4057,10,止损,-10.0,-10.15,3.448,-12.315,fixed_sl10_tp25_h40,603660,22.814,苏州科达,其他计算机设备
2026-03-09,2026-03-10,2026-03-20,36.1047,32.4942,9,止损,-10.0,-10.15,2.79,-11.162,fixed_sl10_tp25_h40,603823,15.961,百合花,涂料油墨
2026-03-09,2026-03-10,2026-03-24,93.0007,83.7006,11,止损,-10.0,-10.15,11.773,-12.642,fixed_sl10_tp25_h40,002654,15.22,万润科技,LED
2026-03-10,2026-03-11,2026-03-23,6.2752,5.6477,9,止损,-10.0,-10.15,6.09,-15.545,fixed_sl10_tp25_h40,601068,12.588,中铝国际,其他专业工程
2026-03-10,2026-03-11,2026-03-23,63.5548,57.1993,9,止损,-10.0,-10.15,1.421,-15.631,fixed_sl10_tp25_h40,002583,14.209,海能达,通信网络设备及器件
2026-03-11,2026-03-12,2026-03-23,22.1487,19.9339,8,止损,-10.0,-10.15,11.667,-15.238,fixed_sl10_tp25_h40,002426,14.507,胜利精密,消费电子零部件及组装
2026-03-11,2026-03-12,2026-05-06,119.4745,149.3431,36,止盈,25.0,24.85,33.344,-8.005,fixed_sl10_tp25_h40,603156,16.034,养元饮品,软饮料
2026-03-11,2026-03-12,2026-03-16,19.2193,17.2974,3,止损,-10.0,-10.15,0.42,-15.042,fixed_sl10_tp25_h40,601226,12.76,华电科工,其他专业工程
2026-03-12,2026-03-13,2026-04-10,29.82,37.2749,20,止盈,25.0,24.85,27.129,-4.315,fixed_sl10_tp25_h40,603196,11.359,璞源材料,非运动服装
2026-03-16,2026-03-17,2026-03-18,69.5061,62.5555,2,止损,-10.0,-10.15,1.151,-14.614,fixed_sl10_tp25_h40,600595,22.481,中孚实业,铝
2026-03-17,2026-03-18,2026-03-23,43.629,39.2661,4,止损,-10.0,-10.15,3.931,-14.22,fixed_sl10_tp25_h40,600810,13.475,神马股份,锦纶
2026-03-17,2026-03-18,2026-05-08,81.8112,102.264,34,止盈,25.0,24.85,29.926,-6.32,fixed_sl10_tp25_h40,002183,20.861,怡 亚 通,贸易Ⅲ
2026-03-18,2026-03-19,2026-03-24,30.543,27.4887,4,止损,-10.0,-10.15,3.295,-11.705,fixed_sl10_tp25_h40,002627,17.951,三峡旅游,旅游综合
2026-03-19,2026-03-20,2026-04-09,25.2983,31.6229,14,止盈,25.0,24.85,31.308,-6.906,fixed_sl10_tp25_h40,002181,24.016,粤 传 媒,大众出版
2026-03-19,2026-03-20,2026-05-20,476.1355,527.3019,40,到期,10.746,10.596,10.992,-5.496,fixed_sl10_tp25_h40,002032,11.706,苏 泊 尔,厨房小家电
2026-03-25,2026-03-26,2026-03-30,131.5036,118.3532,3,止损,-10.0,-10.15,0.0,-12.641,fixed_sl10_tp25_h40,603296,12.336,华勤技术,消费电子零部件及组装
2026-03-30,2026-03-31,2026-04-03,24.7511,22.276,4,止损,-10.0,-10.15,1.841,-12.827,fixed_sl10_tp25_h40,002077,16.103,大港股份,集成电路封测
2026-04-02,2026-04-03,2026-04-23,379.1781,341.2603,14,止损,-10.0,-10.15,2.327,-16.057,fixed_sl10_tp25_h40,603737,16.879,三棵树,涂料
2026-04-02,2026-04-03,2026-04-24,104.0027,130.0034,15,止盈,25.0,24.85,28.275,-1.647,fixed_sl10_tp25_h40,603124,21.447,江南新材,其他金属新材料
2026-04-03,2026-04-07,2026-04-14,265.2898,331.6122,6,止盈,25.0,24.85,28.414,-0.122,fixed_sl10_tp25_h40,603061,19.338,金海通,半导体设备
2026-04-08,2026-04-09,2026-05-07,23.1023,20.7921,18,止损,-10.0,-10.15,3.085,-10.283,fixed_sl10_tp25_h40,603708,19.66,家家悦,超市
2026-04-08,2026-04-09,2026-05-21,125.2414,112.7172,28,止损,-10.0,-10.15,5.209,-11.205,fixed_sl10_tp25_h40,600897,18.423,厦门空港,机场
2026-04-08,2026-04-09,2026-06-02,40.2637,36.2374,36,止损,-10.0,-10.15,7.811,-12.838,fixed_sl10_tp25_h40,603590,22.554,康辰药业,其他生物制品
