signal_date,entry_date,exit_date,entry,exit,hold_days,exit_reason,raw_ret%,net_ret%,mfe%,mae%,armed,code,soft,hard,name,industry
2025-07-15,2025-07-16,2025-07-21,18.9595,21.8034,4,止盈,15.0,14.85,17.336,-0.979,False,000993,0.884,1.0,闽东电力,水力发电
2025-08-08,2025-08-11,2025-08-20,165.1763,173.1846,8,到期,4.848,4.698,7.145,-1.205,False,002847,0.906,1.0,盐津铺子,零食
2025-08-14,2025-08-15,2025-08-26,22.315,23.0329,8,到期,3.217,3.067,11.162,0.0,False,002403,0.891,1.0,爱仕达,厨房小家电
2025-08-18,2025-08-19,2025-08-28,396.11,422.0435,8,到期,6.547,6.397,14.646,-1.649,False,600521,0.891,1.0,华海药业,化学制剂
2025-08-19,2025-08-20,2025-08-20,37.5998,36.4718,1,止损,-3.0,-3.15,0.11,-4.446,False,603063,0.906,1.0,禾望电气,风电零部件
2025-08-27,2025-08-28,2025-08-28,46.8096,45.4053,1,止损,-3.0,-3.15,0.733,-5.408,False,603901,0.902,1.0,永创智能,印刷包装机械
2025-08-28,2025-08-29,2025-09-09,40.6229,44.0602,8,到期,8.462,8.312,14.689,-1.758,False,603308,0.908,1.0,应流股份,金属制品
2025-09-02,2025-09-03,2025-09-03,225.4922,218.7274,1,止损,-3.0,-3.15,0.243,-10.322,False,600435,1.0,1.0,北方导航,地面兵装Ⅲ
2025-09-03,2025-09-04,2025-09-04,50.1063,48.6031,1,止损,-3.0,-3.15,0.45,-4.049,False,600037,0.891,1.0,歌华有线,电视广播Ⅲ
2025-09-08,2025-09-09,2025-09-18,94.7479,95.6537,8,到期,0.956,0.806,9.943,-0.382,False,601216,0.91,1.0,君正集团,氯碱
2025-09-10,2025-09-11,2025-09-18,247.9049,285.0906,6,止盈,15.0,14.85,20.909,-2.784,False,002245,0.906,1.0,蔚蓝锂芯,锂电池
2025-09-15,2025-09-16,2025-09-16,31.0716,30.1394,1,止损,-3.0,-3.15,0.097,-5.095,False,002785,0.891,1.0,万里石,其他建材Ⅲ
2025-09-17,2025-09-18,2025-09-18,22.4207,21.748,1,止损,-3.0,-3.15,0.556,-3.704,False,603477,0.891,1.0,巨星农牧,生猪养殖
2025-09-18,2025-09-19,2025-09-23,838.0195,812.8789,3,止损,-3.0,-3.15,1.538,-8.495,False,600588,0.91,1.0,用友网络,横向通用软件
2025-09-23,2025-09-24,2025-09-24,30.2952,29.3863,1,止损,-3.0,-3.15,1.092,-6.332,False,600425,1.0,1.0,青松建化,水泥制造
2025-09-24,2025-09-25,2025-10-13,58.36,56.6092,7,止损,-3.0,-3.15,5.7,-6.271,False,600480,0.891,1.0,凌云股份,其他汽车零部件
2025-09-26,2025-09-29,2025-09-30,22.289,21.6203,2,止损,-3.0,-3.15,1.489,-3.085,False,002745,0.9,1.0,木林森,LED
2025-10-09,2025-10-10,2025-10-13,46.9065,45.4993,2,止损,-3.0,-3.15,3.912,-5.834,False,601233,0.906,1.0,桐昆股份,其他石化
2025-10-10,2025-10-13,2025-10-17,39.0729,37.9007,5,止损,-3.0,-3.15,5.215,-7.745,False,603890,0.891,1.0,春秋电子,消费电子零部件及组装
2025-10-14,2025-10-15,2025-10-21,66.8906,76.9242,5,止盈,15.0,14.85,17.788,-1.196,False,002279,0.891,1.0,久其软件,横向通用软件
2025-10-20,2025-10-21,2025-10-22,39.8014,38.6073,2,止损,-3.0,-3.15,1.127,-3.179,False,603612,0.906,1.0,索通发展,非金属材料Ⅲ
2025-10-22,2025-10-23,2025-10-24,122.8876,141.3208,2,止盈,15.0,14.85,15.62,-0.23,False,002192,0.891,1.0,融捷股份,锂
2025-10-23,2025-10-24,2025-10-29,175.3049,170.0457,4,止损,-3.0,-3.15,0.0,-3.892,False,002626,0.906,1.0,金达威,保健品
2025-10-24,2025-10-27,2025-10-29,19.7603,19.1675,3,止损,-3.0,-3.15,1.829,-3.049,False,002146,0.9,1.0,荣盛发展,住宅开发
2025-10-30,2025-10-31,2025-11-03,69.3573,67.2766,2,止损,-3.0,-3.15,3.333,-4.785,False,603920,1.0,1.0,世运电路,印制电路板
2025-10-31,2025-11-03,2025-11-03,227.2864,220.4678,1,止损,-3.0,-3.15,0.733,-4.212,False,000060,0.891,1.0,中金岭南,铅锌
2025-11-03,2025-11-04,2025-11-13,60.0111,63.3131,8,到期,5.502,5.352,9.262,-2.597,False,603931,1.0,1.0,格林达,电子化学品Ⅲ
2025-11-04,2025-11-05,2025-11-14,51.4487,57.5463,8,到期,11.852,11.702,14.667,-0.519,False,002860,0.902,1.0,星帅尔,家电零部件Ⅲ
2025-11-05,2025-11-06,2025-11-17,57.0147,60.2042,8,到期,5.594,5.444,11.279,-0.454,False,002943,0.9,1.0,宇晶股份,机床工具
2025-11-10,2025-11-11,2025-11-17,56.4626,54.7687,5,止损,-3.0,-3.15,4.713,-5.402,False,600509,0.891,1.0,天富能源,火力发电
2025-11-11,2025-11-12,2025-11-18,421.2946,484.4888,5,止盈,15.0,14.85,18.415,-1.922,False,600499,0.906,1.0,科达制造,其他专用设备
2025-11-12,2025-11-13,2025-11-18,18.2019,17.6559,4,止损,-3.0,-3.15,2.441,-5.273,False,600192,0.891,1.0,长城电工,输变电设备
2025-11-17,2025-11-18,2025-11-19,105.8518,102.6762,2,止损,-3.0,-3.15,0.97,-5.236,False,603806,0.906,1.0,福斯特,光伏辅材
2025-11-18,2025-11-19,2025-11-19,18.4498,17.8963,1,止损,-3.0,-3.15,2.364,-3.546,False,601908,0.89,1.0,京运通,光伏发电
2025-11-21,2025-11-24,2025-11-24,190.0859,184.3833,1,止损,-3.0,-3.15,0.766,-3.216,False,600755,0.89,1.0,厦门国贸,原材料供应链服务
2025-11-28,2025-12-01,2025-12-10,192.3024,198.1625,8,到期,3.047,2.897,4.97,-2.071,False,002126,0.89,1.0,银轮股份,底盘与发动机系统
2025-12-02,2025-12-03,2025-12-12,83.1021,87.6934,8,到期,5.525,5.375,6.492,-1.05,False,605128,0.906,1.0,上海沿浦,车身附件及饰件
2025-12-03,2025-12-04,2025-12-05,19.1686,18.5935,2,止损,-3.0,-3.15,0.652,-4.302,False,600173,0.884,1.0,卧龙新能,住宅开发
2025-12-04,2025-12-05,2025-12-15,126.3528,145.3057,7,止盈,15.0,14.85,19.507,-0.2,False,002202,0.9,1.0,金风科技,风电整机
2025-12-09,2025-12-10,2025-12-16,40.2659,39.0579,5,止损,-3.0,-3.15,2.828,-3.272,False,600219,0.884,1.0,南山铝业,铝
2025-12-15,2025-12-16,2025-12-16,18.8762,18.3099,1,止损,-3.0,-3.15,0.464,-8.522,False,600977,0.9,1.0,中国电影,影视动漫制作
2025-12-16,2025-12-17,2025-12-26,35.1499,39.3307,8,到期,11.894,11.744,12.668,-0.407,False,601168,0.906,1.0,西部矿业,铜
2025-12-17,2025-12-18,2025-12-29,21.7552,21.5096,8,到期,-1.129,-1.279,7.244,-1.787,False,605179,1.0,1.0,一鸣食品,乳品
2025-12-19,2025-12-22,2025-12-25,138.8871,159.7202,4,止盈,15.0,14.85,16.111,0.0,False,002202,0.89,1.0,金风科技,风电整机
2025-12-25,2025-12-26,2025-12-30,27.918,27.0805,3,止损,-3.0,-3.15,7.143,-6.089,False,600336,0.89,1.0,澳柯玛,冰洗
2025-12-26,2025-12-29,2026-01-08,72.7008,83.6059,7,止盈,15.0,14.85,18.434,-2.963,False,603773,0.891,1.0,沃格光电,面板
2025-12-29,2025-12-30,2026-01-12,73.7044,79.0354,8,到期,7.233,7.083,8.494,-2.787,False,600859,0.9,1.0,王府井,百货
2025-12-30,2025-12-31,2026-01-13,15.491,16.9046,8,到期,9.125,8.975,13.973,-1.901,False,603399,0.884,1.0,永杉锂业,锂
2026-01-05,2026-01-06,2026-01-15,51.5956,52.6233,8,到期,1.992,1.842,6.868,-0.962,False,002810,0.89,1.0,山东赫达,其他化学制品
2026-01-07,2026-01-08,2026-01-19,169.8539,184.0221,8,到期,8.341,8.191,10.354,-2.142,False,600988,0.89,1.0,赤峰黄金,黄金
2026-01-13,2026-01-14,2026-01-14,52.4088,50.8365,1,止损,-3.0,-3.15,1.121,-3.31,False,603610,0.891,1.0,麒盛科技,成品家居
2026-01-15,2026-01-16,2026-01-20,38.0143,36.8739,3,止损,-3.0,-3.15,3.878,-9.003,False,002476,0.9,1.0,新叶股份,其他石化
2026-01-16,2026-01-19,2026-01-21,147.5048,143.0796,3,止损,-3.0,-3.15,1.355,-3.387,False,002093,0.902,1.0,国脉科技,学历教育
2026-01-19,2026-01-20,2026-01-20,41.9672,40.7082,1,止损,-3.0,-3.15,0.668,-3.721,False,002405,0.891,1.0,四维图新,垂直应用软件
2026-01-20,2026-01-21,2026-01-30,45.0883,43.7356,8,止损,-3.0,-3.15,6.689,-6.689,False,000881,1.0,1.0,中广核技,其他化学制品
2026-01-26,2026-01-27,2026-01-27,26.8243,26.0196,1,止损,-3.0,-3.15,1.054,-3.477,False,603633,1.0,1.0,徕木股份,消费电子零部件及组装
2026-01-27,2026-01-28,2026-01-29,38.2729,37.1247,2,止损,-3.0,-3.15,1.8,-3.437,False,002174,1.0,1.0,游族网络,游戏Ⅲ
2026-01-28,2026-01-29,2026-01-29,47.0717,45.6595,1,止损,-3.0,-3.15,0.0,-4.246,False,603683,0.9,1.0,晶华新材,胶黏剂及胶带
2026-01-30,2026-02-02,2026-02-11,105.0134,115.3303,8,到期,9.824,9.674,11.631,-2.927,False,603688,0.891,1.0,石英股份,非金属材料Ⅲ
2026-02-02,2026-02-03,2026-02-06,61.5399,59.6937,4,止损,-3.0,-3.15,0.73,-3.366,False,605277,0.89,1.0,新亚电子,消费电子零部件及组装
2026-02-05,2026-02-06,2026-02-25,158.2898,172.0139,8,到期,8.67,8.52,13.35,-2.665,False,002975,0.9,1.0,博杰股份,工控设备
2026-02-06,2026-02-09,2026-02-09,24.8719,24.1257,1,止损,-3.0,-3.15,0.253,-5.063,False,603668,0.9,1.0,天马科技,水产饲料
2026-02-25,2026-02-26,2026-03-02,77.4119,75.0896,3,止损,-3.0,-3.15,6.739,-3.043,False,000659,1.0,1.0,珠海中富,塑料包装
2026-03-02,2026-03-03,2026-03-04,143.6309,139.322,2,止损,-3.0,-3.15,5.087,-3.139,False,002121,0.904,1.0,科陆电子,电工仪器仪表
2026-03-03,2026-03-04,2026-03-06,125.95,122.1715,3,止损,-3.0,-3.15,4.545,-3.991,False,600888,0.884,1.0,新疆众和,铝
2026-03-04,2026-03-05,2026-03-12,109.1666,105.8916,6,止损,-3.0,-3.15,6.773,-6.132,False,603379,0.906,1.0,三美股份,氟化工
2026-03-06,2026-03-09,2026-03-09,129.8015,125.9075,1,止损,-3.0,-3.15,2.174,-3.261,False,002156,0.891,1.0,通富微电,集成电路封测
2026-03-09,2026-03-10,2026-03-19,70.1619,69.3369,8,到期,-1.176,-1.326,6.383,-1.288,False,002833,1.0,1.0,弘亚数控,其他专用设备
2026-03-10,2026-03-11,2026-03-19,100.9812,97.9517,7,止损,-3.0,-3.15,9.74,-7.405,False,002539,0.9,1.0,云图控股,复合肥
2026-03-11,2026-03-12,2026-03-12,278.0475,269.7061,1,止损,-3.0,-3.15,0.025,-4.293,False,002138,0.9,1.0,顺络电子,被动元件
2026-03-12,2026-03-13,2026-03-16,45.0073,43.6571,2,止损,-3.0,-3.15,1.257,-5.079,False,002534,0.902,1.0,西子洁能,火电设备
2026-03-13,2026-03-16,2026-03-20,86.1917,83.6059,5,止损,-3.0,-3.15,8.366,-9.085,False,002208,0.906,1.0,合肥城建,住宅开发
2026-03-16,2026-03-17,2026-03-18,34.8323,33.7873,2,止损,-3.0,-3.15,2.282,-3.852,False,002204,0.891,1.0,大连重工,能源及重型设备
2026-03-17,2026-03-18,2026-03-20,72.6971,70.5161,3,止损,-3.0,-3.15,1.818,-5.236,False,002992,0.906,1.0,宝明科技,LED
2026-03-18,2026-03-19,2026-03-20,24.0513,23.3297,2,止损,-3.0,-3.15,0.979,-5.455,False,000505,0.902,1.0,京粮控股,粮油加工
2026-03-19,2026-03-20,2026-03-30,500.4876,485.473,7,止损,-3.0,-3.15,6.398,-3.28,False,600641,0.891,1.0,先导基电,半导体材料
2026-03-20,2026-03-23,2026-03-23,74.7449,72.5025,1,止损,-3.0,-3.15,0.306,-7.041,False,002559,0.884,1.0,亚威股份,机床工具
2026-03-23,2026-03-24,2026-04-02,83.0214,80.5308,8,止损,-3.0,-3.15,7.829,-5.338,False,002322,0.9,1.0,理工能科,垂直应用软件
2026-03-27,2026-03-30,2026-03-31,345.8378,335.4627,2,止损,-3.0,-3.15,2.87,-6.497,False,002487,0.891,1.0,大金重工,风电零部件
2026-03-30,2026-03-31,2026-04-02,90.5963,87.8784,3,止损,-3.0,-3.15,1.866,-5.344,False,603185,1.0,1.0,弘元绿能,光伏电池组件
2026-03-31,2026-04-01,2026-04-03,48.8071,47.3429,3,止损,-3.0,-3.15,1.146,-4.94,False,001317,0.9,1.0,三羊马,铁路运输
2026-04-01,2026-04-02,2026-04-03,62.8778,60.9915,2,止损,-3.0,-3.15,1.897,-4.856,False,600151,0.9,1.0,航天机电,底盘与发动机系统
2026-04-02,2026-04-03,2026-04-03,49.7084,48.2172,1,止损,-3.0,-3.15,0.446,-5.396,False,603978,0.908,1.0,深圳新星,其他金属新材料
2026-04-03,2026-04-07,2026-04-16,234.7485,269.9607,8,止盈,15.0,14.85,17.776,-1.141,False,002738,0.904,1.0,中矿资源,锂
2026-04-08,2026-04-09,2026-04-13,43.397,42.0951,3,止损,-3.0,-3.15,1.005,-4.22,False,605077,0.89,1.0,华康股份,食品及饲料添加剂
2026-04-09,2026-04-10,2026-04-17,26.0433,25.262,6,止损,-3.0,-3.15,3.306,-3.581,False,002554,0.9,1.0,惠博普,油气及炼化工程
2026-04-15,2026-04-16,2026-04-17,56.7236,55.0219,2,止损,-3.0,-3.15,0.392,-3.846,False,000678,0.891,1.0,襄阳轴承,底盘与发动机系统
2026-04-20,2026-04-21,2026-04-29,75.7325,87.0924,7,止盈,15.0,14.85,17.68,-1.952,False,001301,0.902,1.0,尚太科技,电池化学品
2026-04-21,2026-04-22,2026-04-27,99.9203,114.9084,4,止盈,15.0,14.85,16.058,-1.668,False,002029,0.9,1.0,七 匹 狼,非运动服装
2026-04-24,2026-04-27,2026-05-11,83.904,85.1364,8,到期,1.469,1.319,4.345,-1.163,False,002635,0.906,1.0,安洁科技,消费电子零部件及组装
2026-04-27,2026-04-28,2026-05-07,23.67,22.9599,5,止损,-3.0,-3.15,2.857,-4.127,False,000816,0.89,1.0,智慧农业,底盘与发动机系统
2026-04-28,2026-04-29,2026-05-08,85.9882,98.8864,5,止盈,15.0,14.85,16.142,-1.811,False,600078,0.9,1.0,澄星股份,磷肥及磷化工
2026-04-30,2026-05-06,2026-05-11,32.9246,37.8633,4,止盈,15.0,14.85,23.443,-0.611,False,603936,0.9,1.0,博敏电子,印制电路板
2026-05-06,2026-05-07,2026-05-07,41.525,40.2792,1,止损,-3.0,-3.15,0.491,-3.33,False,600230,0.89,1.0,沧州大化,聚氨酯
2026-05-07,2026-05-08,2026-05-11,22.2775,21.6092,2,止损,-3.0,-3.15,1.728,-3.21,False,601388,0.884,1.0,怡球资源,铝
2026-05-12,2026-05-13,2026-05-15,128.7585,124.8957,3,止损,-3.0,-3.15,2.825,-3.417,False,601699,0.906,1.0,潞安环能,焦煤
2026-05-14,2026-05-15,2026-05-18,86.9885,84.3788,2,止损,-3.0,-3.15,2.615,-4.385,False,002284,0.884,1.0,亚太股份,底盘与发动机系统
2026-05-15,2026-05-18,2026-05-21,13114.1405,12720.7163,4,止损,-3.0,-3.15,2.316,-8.217,False,600602,1.0,1.0,云赛智联,垂直应用软件
2026-05-18,2026-05-19,2026-05-19,161.6437,156.7944,1,止损,-3.0,-3.15,0.347,-7.135,False,603296,0.89,1.0,华勤技术,消费电子零部件及组装
2026-05-19,2026-05-20,2026-05-21,31.2758,30.3375,2,止损,-3.0,-3.15,1.061,-6.648,False,603977,1.0,1.0,国泰集团,民爆制品
2026-05-20,2026-05-21,2026-05-25,231.7708,266.5365,3,止盈,15.0,14.85,17.766,-0.684,False,600114,0.891,1.0,东睦股份,金属制品
2026-05-21,2026-05-22,2026-06-01,43.9355,42.6174,7,止损,-3.0,-3.15,2.92,-4.623,False,600496,0.906,1.0,精工钢构,钢结构
2026-05-22,2026-05-25,2026-05-28,30.5373,29.6212,4,止损,-3.0,-3.15,5.619,-5.048,False,601519,0.89,1.0,大智慧,垂直应用软件
2026-05-26,2026-05-27,2026-05-27,26.9553,26.1466,1,止损,-3.0,-3.15,2.042,-3.006,False,603915,0.906,1.0,国茂股份,金属制品
2026-05-27,2026-05-28,2026-05-28,30.9094,29.9822,1,止损,-3.0,-3.15,1.893,-5.422,False,001207,1.0,1.0,联科科技,炭黑
2026-05-28,2026-05-29,2026-05-29,133.3243,129.3246,1,止损,-3.0,-3.15,0.975,-4.681,False,000819,0.906,1.0,岳阳兴长,其他石化
2026-06-01,2026-06-02,2026-06-02,17.5779,17.0506,1,止损,-3.0,-3.15,0.0,-3.133,False,002928,0.9,1.0,华夏航空,航空运输
2026-06-02,2026-06-03,2026-06-12,9.0592,9.4047,8,到期,3.814,3.664,8.616,-2.825,False,600909,0.9,1.0,华安证券,证券Ⅲ
2026-06-03,2026-06-04,2026-06-09,4.3844,4.2529,4,止损,-3.0,-3.15,4.082,-6.803,False,000882,0.89,1.0,华联股份,商业物业经营
2026-06-04,2026-06-05,2026-06-05,86.9128,84.3054,1,止损,-3.0,-3.15,0.0,-7.06,False,603701,1.0,1.0,德宏股份,底盘与发动机系统
2026-06-05,2026-06-08,2026-06-12,51.9322,59.722,5,止盈,15.0,14.85,18.587,0.0,False,600397,0.9,1.0,江钨装备,能源及重型设备
2026-06-08,2026-06-09,2026-06-18,42.16,45.9418,8,到期,8.97,8.82,9.081,-1.772,False,000795,0.906,1.0,英洛华,磁性材料
2026-06-17,2026-06-18,2026-06-22,50.1174,48.6139,2,止损,-3.0,-3.15,5.997,-4.517,False,603876,0.89,1.0,鼎胜新材,铝
2026-06-18,2026-06-22,2026-06-26,186.2732,180.685,5,止损,-3.0,-3.15,8.95,-7.57,False,002738,1.0,1.0,中矿资源,锂
2026-06-22,2026-06-23,2026-06-26,149.4071,171.8182,4,止盈,15.0,14.85,22.568,-0.13,False,000551,0.891,1.0,创元科技,环保设备Ⅲ
2026-06-23,2026-06-24,2026-06-26,34.5198,33.4842,3,止损,-3.0,-3.15,2.083,-3.75,False,603077,1.0,1.0,和邦生物,磷肥及磷化工
2026-06-24,2026-06-25,2026-06-25,58.7507,56.9882,1,止损,-3.0,-3.15,0.75,-3.751,False,002112,0.9,1.0,三变科技,输变电设备
2026-06-25,2026-06-26,2026-06-26,69.3502,67.2697,1,止损,-3.0,-3.15,0.299,-5.075,False,603088,1.0,1.0,宁波精达,机床工具
2026-07-01,2026-07-02,2026-07-02,111.7297,108.3778,1,止损,-3.0,-3.15,1.049,-3.58,False,603806,0.906,1.0,福斯特,光伏辅材
2026-07-02,2026-07-03,2026-07-14,90.5072,87.7919,8,止损,-3.0,-3.15,10.734,-4.843,False,001298,0.908,1.0,好上好,其他电子Ⅲ
2026-07-03,2026-07-06,2026-07-07,11.3693,11.0282,2,止损,-3.0,-3.15,0.628,-4.239,False,603980,0.891,1.0,吉华集团,纺织化学制品
2026-07-06,2026-07-07,2026-07-07,10.4398,10.1266,1,止损,-3.0,-3.15,0.156,-4.361,False,601226,0.906,1.0,华电科工,其他专业工程
2026-07-07,2026-07-08,2026-07-08,521.6552,506.0056,1,止损,-3.0,-3.15,4.132,-3.54,False,002049,0.9,1.0,紫光国微,数字芯片设计
2026-07-09,2026-07-10,2026-07-21,13.7917,15.058,8,到期,9.182,9.032,11.545,-1.545,False,601808,0.906,1.0,中海油服,油田服务
2026-07-13,2026-07-14,2026-07-16,26.2567,25.469,3,止损,-3.0,-3.15,5.201,-3.537,False,002755,0.906,1.0,奥赛康,化学制剂
2026-07-17,2026-07-20,2026-07-22,19.8262,19.2314,3,止损,-3.0,-3.15,4.571,-4.017,False,600189,0.906,1.0,泉阳泉,软饮料
2026-07-21,2026-07-22,2026-07-31,95.3028,102.0832,8,到期,7.115,6.965,12.253,-1.581,False,600868,0.908,1.0,梅雁吉祥,水力发电
